image,A,B,C,D
ISIC_0013967.jpg,0.17,1.75,0.14,0.62
ISIC_0000451.jpg,0.15,1.21,0.29,0.62
ISIC_0000217.jpg,0.13,1.31,0.29,0.71
ISIC_0002453.jpg,0.12,2.15,0.16,0.68
ISIC_0014537.jpg,0.15,1.2,0.08,0.64
ISIC_0014729.jpg,0.15,1.2,0.3,0.7
ISIC_0015211.jpg,0.17,1.25,0.49,0.7
ISIC_0015152.jpg,0.14,1.3,0.36,0.61
ISIC_0013676.jpg,0.09,1.63,0.17,0.66
ISIC_0014457.jpg,0.26,1.19,0.09,0.66
ISIC_0002673.jpg,0.24,1.35,0.21,0.68
ISIC_0011099.jpg,0.34,1.63,0.22,0.77
ISIC_0000039.jpg,0.09,2,0.29,0.62
ISIC_0014694.jpg,0.08,1.77,0.31,0.69
ISIC_0015974.jpg,0.17,5.4,0.14,0.68
ISIC_0009564.jpg,0.16,1.76,0.14,0.67
ISIC_0014478.jpg,0.25,19.58,0.19,0.64
ISIC_0013595.jpg,0.2,3.15,0.18,0.63
ISIC_0010092.jpg,0.16,2.26,0.23,0.62
ISIC_0000453.jpg,0.22,6.8,0.16,0.69
ISIC_0014197.jpg,0.19,1.72,0.08,0.65
ISIC_0016023.jpg,0.11,1.19,0.1,0.63
ISIC_0013159.jpg,0.14,1.18,0.08,0.64
ISIC_0010463.jpg,0.14,1.43,0.27,0.72
ISIC_0014299.jpg,0.17,1.21,0.15,0.59
ISIC_0011333.jpg,0.3,3.53,0.35,0.59
ISIC_0000128.jpg,0.12,2.46,0.22,0.63
ISIC_0010854.jpg,0.25,1.21,0.16,0.7
ISIC_0014850.jpg,0.23,1.41,0.2,0.64
ISIC_0014821.jpg,0.14,1.79,0.2,0.61
ISIC_0012323.jpg,0.12,1.2,0.23,0.65
ISIC_0010459.jpg,0.2,1.16,0.15,0.79
ISIC_0014037.jpg,0.15,1.38,0.13,0.82
ISIC_0000408.jpg,0.1,1.36,0.19,0.82
ISIC_0014715.jpg,0.2,2.02,0.3,0.61
ISIC_0013037.jpg,0.13,1.72,0.18,0.66
ISIC_0013329.jpg,0.12,1.59,0.13,0.65
ISIC_0015185.jpg,0.32,47.45,0.29,0.68
ISIC_0014587.jpg,0.38,14.54,0.13,0.71
ISIC_0010584.jpg,0.09,1.17,0.13,0.7
ISIC_0010190.jpg,0.28,1.22,0.28,0.86
ISIC_0008541.jpg,0.18,4.07,0.13,0.69
ISIC_0013275.jpg,0.11,1.52,0.15,0.67
ISIC_0003805.jpg,0.19,1.68,0.15,0.64
ISIC_0016060.jpg,0.19,14.27,0.12,0.63
ISIC_0000486.jpg,0.16,2.43,0.23,0.65
ISIC_0009599.jpg,0.21,1.44,0.1,0.71
ISIC_0000412.jpg,0.34,2.5,0.16,0.74
ISIC_0015638.jpg,0.67,64.26,0.27,0.73
ISIC_0000061.jpg,0.14,3.34,0.24,0.62
ISIC_0012453.jpg,0.27,2.02,0.08,0.7
ISIC_0012693.jpg,0.13,1.63,0.11,0.7
ISIC_0000017.jpg,0.24,3.4,0.23,0.67
ISIC_0012813.jpg,0.1,1.17,0.06,0.65
ISIC_0012803.jpg,0.4,21.43,0.16,0.69
ISIC_0013089.jpg,0.14,1.22,0.15,0.61
ISIC_0011229.jpg,0.43,10.51,0.3,0.79
ISIC_0015279.jpg,0.26,1.26,0.29,0.67
ISIC_0011230.jpg,0.49,2.59,0.29,0.65
ISIC_0015174.jpg,0.18,21.91,0.32,0.72
ISIC_0015363.jpg,0.17,1.16,0.18,0.7
ISIC_0010466.jpg,0.18,2.64,0.16,0.7
ISIC_0011390.jpg,0.28,1.41,0.15,0.54
ISIC_0013106.jpg,0.26,1.71,0.23,0.74
ISIC_0014921.jpg,0.13,22.51,0.33,0.63
ISIC_0011339.jpg,0.27,3.19,0.34,0.64
ISIC_0015593.jpg,0.14,1.22,0.29,0.69
ISIC_0014920.jpg,0.1,1.76,0.33,0.72
ISIC_0016071.jpg,0.24,8.51,0.12,0.71
ISIC_0001299.jpg,0.2,2.16,0.07,0.79
ISIC_0000332.jpg,0.14,3.95,0.27,0.66
ISIC_0010011.jpg,0.16,1.21,0.12,0.7
ISIC_0013891.jpg,0.1,1.16,0.24,0.63
ISIC_0000484.jpg,0.28,1.52,0.21,0.8
ISIC_0013394.jpg,0.14,1.7,0.17,0.62
ISIC_0013205.jpg,0.18,1.18,0.2,0.64
ISIC_0013015.jpg,0.11,1.68,0.11,0.69
ISIC_0000554.jpg,0.35,4.34,0.15,0.69
ISIC_0012177.jpg,0.14,1.62,0.26,0.74
ISIC_0015276.jpg,0.21,17.33,0.27,0.68
ISIC_0001385.jpg,0.13,1.98,0.09,0.78
ISIC_0013998.jpg,0.14,1.24,0.06,0.67
ISIC_0010319.jpg,0.24,1.24,0.18,0.7
ISIC_0014836.jpg,0.1,10.39,0.4,0.66
ISIC_0014931.jpg,0.31,2.27,0.19,0.7
ISIC_0013173.jpg,0.08,1.2,0.18,0.62
ISIC_0012108.jpg,0.21,1.83,0.14,0.62
ISIC_0009954.jpg,0.17,1.22,0.2,0.61
ISIC_0014714.jpg,0.16,1.83,0.24,0.8
ISIC_0000482.jpg,0.12,3.19,0.26,0.73
ISIC_0012487.jpg,0.45,11.85,0.09,0.7
ISIC_0009979.jpg,0.23,1.19,0.34,0.62
ISIC_0013249.jpg,0.15,1.19,0.16,0.64
ISIC_0011098.jpg,0.17,1.28,0.31,0.71
ISIC_0012878.jpg,0.14,1.73,0.08,0.66
ISIC_0001286.jpg,0.34,7.24,0.14,0.74
ISIC_0015016.jpg,0.21,27.49,0.22,0.7
ISIC_0010326.jpg,0.22,1.24,0.16,0.68
ISIC_0000183.jpg,0.24,1.26,0.23,0.71
ISIC_0013523.jpg,0.15,1.72,0.2,0.68
ISIC_0014814.jpg,0.19,18.45,0.32,0.72
ISIC_0011171.jpg,0.2,1.86,0.34,0.69
ISIC_0000442.jpg,0.3,1.35,0.24,0.75
ISIC_0011301.jpg,0.08,1.17,0.29,0.67
ISIC_0012521.jpg,0.22,1.77,0.11,0.67
ISIC_0014643.jpg,0.35,35.12,0.08,0.75
ISIC_0009951.jpg,0.18,1.2,0.1,0.65
ISIC_0000539.jpg,0.16,3.63,0.3,0.77
ISIC_0012216.jpg,0.15,1.26,0.07,0.67
ISIC_0013087.jpg,0.09,4.12,0.21,0.63
ISIC_0016068.jpg,0.33,1.38,0.18,0.68
ISIC_0011204.jpg,0.14,1.26,0.22,0.7
ISIC_0016005.jpg,0.2,1.19,0.18,0.65
ISIC_0013733.jpg,0.29,11.43,0.1,0.73
ISIC_0003728.jpg,0.17,5.24,0.1,0.6
ISIC_0011120.jpg,0.16,1.25,0.34,0.85
ISIC_0014854.jpg,0.15,27.24,0.29,0.67
ISIC_0010488.jpg,0.14,1.26,0.12,0.69
ISIC_0011348.jpg,0.1,1.16,0.18,0.79
ISIC_0015311.jpg,0.21,65.48,0.24,0.72
ISIC_0012690.jpg,0.17,1.81,0.14,0.72
ISIC_0010244.jpg,0.22,1.27,0.27,0.72
ISIC_0012288.jpg,0.19,1.86,0.14,0.67
ISIC_0011163.jpg,0.25,1.26,0.37,0.71
ISIC_0015030.jpg,0.15,45.72,0.29,0.71
ISIC_0000378.jpg,0.15,1.22,0.19,0.66
ISIC_0009942.jpg,0.07,1.15,0.23,0.63
ISIC_0010589.jpg,0.18,1.3,0.27,0.66
ISIC_0012182.jpg,0.13,1.65,0.23,0.67
ISIC_0009967.jpg,0.11,2.34,0.16,0.71
ISIC_0009889.jpg,0.23,2.33,0.24,0.64
ISIC_0000091.jpg,0.06,1.16,0.08,0.66
ISIC_0016033.jpg,0.16,10.98,0.12,0.61
ISIC_0000283.jpg,0.25,2.56,0.38,0.64
ISIC_0013140.jpg,0.24,1.71,0.16,0.64
ISIC_0015009.jpg,0.04,3.33,0.15,0.76
ISIC_0011218.jpg,0.11,1.13,0.21,0.62
ISIC_0000088.jpg,0.25,12.5,0.32,0.68
ISIC_0016016.jpg,0.11,1.19,0.13,0.67
ISIC_0007156.jpg,0.05,1.13,0.26,0.63
ISIC_0012284.jpg,0.23,1.97,0.2,0.64
ISIC_0015496.jpg,0.08,1.69,0.47,0.67
ISIC_0000224.jpg,0.17,1.26,0.33,0.68
ISIC_0014225.jpg,0.32,9.51,0.13,0.69
ISIC_0014164.jpg,0.16,2.01,0.09,0.72
ISIC_0013748.jpg,0.22,1.9,0.11,0.61
ISIC_0014983.jpg,0.17,1.9,0.31,0.68
ISIC_0007796.jpg,0.1,1.16,0.19,0.67
ISIC_0011360.jpg,0.1,1.18,0.25,0.79
ISIC_0014222.jpg,0.36,1.3,0.13,0.68
ISIC_0014316.jpg,0.24,2.09,0.09,0.67
ISIC_0009883.jpg,0.25,2.85,0.28,0.58
ISIC_0010862.jpg,0.11,1.18,0.44,0.61
ISIC_0014651.jpg,0.2,1.79,0.11,0.67
ISIC_0015232.jpg,0.09,1.16,0.36,0.64
ISIC_0009914.jpg,0.18,2.59,0.24,0.76
ISIC_0000510.jpg,0.27,1.32,0.26,0.62
ISIC_0010452.jpg,0.17,4.33,0.21,0.68
ISIC_0015056.jpg,0.26,29,0.17,0.73
ISIC_0000143.jpg,0.1,1.22,0.31,0.71
ISIC_0013399.jpg,0.14,1.2,0.14,0.66
ISIC_0000328.jpg,0.22,1.22,0.18,0.63
ISIC_0015139.jpg,0.12,10.86,0.31,0.66
ISIC_0011298.jpg,0.16,1.86,0.28,0.69
ISIC_0012417.jpg,0.27,2.17,0.09,0.66
ISIC_0014453.jpg,0.09,1.68,0.08,0.7
ISIC_0000500.jpg,0.16,1.34,0.21,0.76
ISIC_0000420.jpg,0.16,1.68,0.26,0.72
ISIC_0013689.jpg,0.13,1.67,0.13,0.68
ISIC_0014778.jpg,0.12,1.7,0.26,0.68
ISIC_0013224.jpg,0.23,1.68,0.16,0.67
ISIC_0013053.jpg,0.25,1.67,0.07,0.66
ISIC_0015218.jpg,0.17,41.56,0.4,0.65
ISIC_0013886.jpg,0.36,4.74,0.2,0.63
ISIC_0012089.jpg,0.44,1.54,0.14,0.73
ISIC_0000080.jpg,0.07,2.44,0.27,0.64
ISIC_0012930.jpg,0.51,2.15,0.23,0.64
ISIC_0014173.jpg,0.31,19.54,0.22,0.67
ISIC_0000013.jpg,0.1,1.93,0.42,0.66
ISIC_0015416.jpg,0.25,1.25,0.29,0.75
ISIC_0014346.jpg,0.19,1.77,0.13,0.67
ISIC_0014394.jpg,0.15,1.9,0.16,0.72
ISIC_0015274.jpg,0.24,1.2,0.23,0.89
ISIC_0003582.jpg,0.12,1.23,0.25,0.7
ISIC_0001367.jpg,0.17,2.59,0.16,0.68
ISIC_0013796.jpg,0.15,1.55,0.19,0.71
ISIC_0012901.jpg,0.19,1.76,0.26,0.67
ISIC_0000492.jpg,0.19,4.8,0.08,0.67
ISIC_0000069.jpg,0.17,2.71,0.17,0.68
ISIC_0000522.jpg,0.49,9.6,0.14,0.76
ISIC_0012222.jpg,0.25,1.58,0.21,0.68
ISIC_0009956.jpg,0.12,2.34,0.21,0.72
ISIC_0000493.jpg,0.26,2.84,0.23,0.78
ISIC_0010226.jpg,0.11,1.17,0.16,0.66
ISIC_0013747.jpg,0.08,1.14,0.12,0.62
ISIC_0013007.jpg,0.14,1.76,0.16,0.65
ISIC_0011158.jpg,0.12,1.18,0.22,0.71
ISIC_0010490.jpg,0.15,1.19,0.13,0.61
ISIC_0013572.jpg,0.24,1.89,0.07,0.72
ISIC_0015032.jpg,0.19,1.83,0.25,0.66
ISIC_0000385.jpg,0.14,7.39,0.24,0.61
ISIC_0013806.jpg,0.08,1.6,0.13,0.66
ISIC_0001242.jpg,0.14,2.67,0.11,0.71
ISIC_0012865.jpg,0.11,1.84,0.14,0.67
ISIC_0000555.jpg,0.25,3.19,0.1,0.74
ISIC_0000287.jpg,0.24,3.14,0.23,0.69
ISIC_0013667.jpg,0.27,2.1,0.12,0.66
ISIC_0012105.jpg,0.17,1.68,0.25,0.68
ISIC_0011132.jpg,0.07,1.15,0.2,0.62
ISIC_0014081.jpg,0.17,2.01,0.11,0.79
ISIC_0012673.jpg,0.15,1.81,0.16,0.75
ISIC_0000323.jpg,0.15,1.23,0.12,0.59
ISIC_0014740.jpg,0.18,29.94,0.19,0.67
ISIC_0000023.jpg,0.15,2.58,0.17,0.63
ISIC_0000490.jpg,0.18,1.27,0.2,0.63
ISIC_0012464.jpg,0.19,1.19,0.19,0.6
ISIC_0012720.jpg,0.25,1.95,0.12,0.64
ISIC_0000498.jpg,0.14,1.35,0.25,0.72
ISIC_0010238.jpg,0.12,1.15,0.23,0.65
ISIC_0010863.jpg,0.19,1.42,0.24,0.66
ISIC_0014117.jpg,0.32,11.61,0.13,0.62
ISIC_0012245.jpg,0.13,1.18,0.05,0.64
ISIC_0000341.jpg,0.19,1.37,0.25,0.69
ISIC_0014955.jpg,0.15,22.77,0.22,0.64
ISIC_0015108.jpg,0.33,2.2,0.22,0.68
ISIC_0013526.jpg,0.17,2.09,0.28,0.69
ISIC_0000016.jpg,0.21,1.46,0.28,0.61
ISIC_0016066.jpg,0.16,1.16,0.1,0.61
ISIC_0014800.jpg,0.26,11.45,0.17,0.64
ISIC_0014652.jpg,0.07,1.24,0.22,0.76
ISIC_0000190.jpg,0.21,1.43,0.36,0.69
ISIC_0013712.jpg,0.13,1.7,0.1,0.64
ISIC_0013789.jpg,0.2,1.75,0.16,0.7
ISIC_0000506.jpg,0.07,1.16,0.2,0.63
ISIC_0014473.jpg,0.2,1.21,0.16,0.73
ISIC_0012495.jpg,0.14,1.69,0.05,0.68
ISIC_0002206.jpg,0.08,1.13,0.08,0.63
ISIC_0014839.jpg,0.19,2.06,0.24,0.66
ISIC_0000900.jpg,0.1,1.2,0.08,0.68
ISIC_0011097.jpg,0.21,2.83,0.18,0.67
ISIC_0012178.jpg,0.52,51.45,0.08,0.69
ISIC_0014994.jpg,0.12,12.67,0.21,0.63
ISIC_0014066.jpg,0.14,2.01,0.07,0.77
ISIC_0010256.jpg,0.15,1.61,0.25,0.61
ISIC_0016006.jpg,0.11,1.16,0.13,0.63
ISIC_0014915.jpg,0.21,2.33,0.26,0.69
ISIC_0000139.jpg,0.11,1.21,0.25,0.64
ISIC_0014001.jpg,0.12,1.76,0.07,0.63
ISIC_0011225.jpg,0.19,2.32,0.2,0.66
ISIC_0001185.jpg,0.15,1.19,0.1,0.68
ISIC_0013311.jpg,0.09,1.58,0.15,0.62
ISIC_0011359.jpg,0.3,3.64,0.13,0.75
ISIC_0014723.jpg,0.13,1.84,0.22,0.65
ISIC_0012663.jpg,0.15,1.7,0.27,0.64
ISIC_0001254.jpg,0.13,2.44,0.15,0.66
ISIC_0014973.jpg,0.12,1.2,0.35,0.71
ISIC_0010448.jpg,0.19,1.15,0.11,0.71
ISIC_0012990.jpg,0.24,1.78,0.25,0.65
ISIC_0010350.jpg,0.16,4.93,0.28,0.58
ISIC_0012369.jpg,0.16,1.2,0.08,0.65
ISIC_0014876.jpg,0.2,1.2,0.38,0.64
ISIC_0014830.jpg,0.14,1.49,0.21,0.65
ISIC_0011304.jpg,0.17,3.1,0.24,0.71
ISIC_0013346.jpg,0.28,1.3,0.1,0.65
ISIC_0014708.jpg,0.19,2.01,0.24,0.62
ISIC_0000021.jpg,0.35,5.48,0.15,0.61
ISIC_0009931.jpg,0.24,3.79,0.25,0.64
ISIC_0010607.jpg,0.23,2.44,0.13,0.69
ISIC_0014217.jpg,0.25,2.33,0.12,0.72
ISIC_0010333.jpg,0.09,1.2,0.37,0.7
ISIC_0015464.jpg,0.23,1.25,0.35,0.67
ISIC_0015998.jpg,0.23,18.27,0.23,0.68
ISIC_0000213.jpg,0.23,2.22,0.3,0.7
ISIC_0011393.jpg,0.35,4.78,0.14,0.62
ISIC_0009921.jpg,0.2,1.23,0.23,0.73
ISIC_0013635.jpg,0.18,1.93,0.08,0.61
ISIC_0010497.jpg,0.13,1.18,0.19,0.68
ISIC_0012395.jpg,0.32,7.94,0.13,0.64
ISIC_0012786.jpg,0.14,1.15,0.11,0.61
ISIC_0000319.jpg,0.26,1.27,0.26,0.67
ISIC_0000119.jpg,0.17,3.69,0.27,0.67
ISIC_0016029.jpg,0.15,1.19,0.04,0.67
ISIC_0005666.jpg,0.1,1.23,0.1,0.73
ISIC_0000059.jpg,0.22,1.35,0.35,0.66
ISIC_0014919.jpg,0.12,1.82,0.2,0.67
ISIC_0014802.jpg,0.18,5.75,0.33,0.59
ISIC_0009948.jpg,0.1,1.13,0.16,0.7
ISIC_0012390.jpg,0.36,1.58,0.06,0.75
ISIC_0016019.jpg,0.12,1.18,0.16,0.61
ISIC_0000338.jpg,0.25,3.62,0.36,0.68
ISIC_0011211.jpg,0.24,2,0.2,0.74
ISIC_0014724.jpg,0.18,1.94,0.25,0.79
ISIC_0006800.jpg,0.12,4.39,0.14,0.66
ISIC_0010587.jpg,0.1,1.84,0.32,0.7
ISIC_0000127.jpg,0.1,1.29,0.21,0.67
ISIC_0014790.jpg,0.49,1.29,0.24,0.9
ISIC_0015041.jpg,0.24,12.66,0.32,0.7
ISIC_0011367.jpg,0.09,1.14,0.13,0.61
ISIC_0009947.jpg,0.16,1.17,0.22,0.69
ISIC_0000025.jpg,0.26,6.03,0.13,0.6
ISIC_0015008.jpg,0.38,16.32,0.24,0.93
ISIC_0014029.jpg,0.12,1.87,0.16,0.67
ISIC_0012510.jpg,0.39,1.24,0.1,0.89
ISIC_0001960.jpg,0.4,20.23,0.06,0.73
ISIC_0014548.jpg,0.07,1.19,0.07,0.73
ISIC_0014248.jpg,0.37,9.01,0.07,0.65
ISIC_0000403.jpg,0.23,3,0.15,0.68
ISIC_0012324.jpg,0.12,1.74,0.14,0.67
ISIC_0014857.jpg,0.15,1.81,0.21,0.69
ISIC_0000379.jpg,0.2,1.5,0.26,0.75
ISIC_0000233.jpg,0.06,1.81,0.23,0.79
ISIC_0000030.jpg,0.11,1.26,0.39,0.65
ISIC_0013606.jpg,0.24,1.68,0.13,0.73
ISIC_0013833.jpg,0.31,1.28,0.1,0.83
ISIC_0012156.jpg,0.23,1.9,0.16,0.74
ISIC_0013364.jpg,0.15,1.69,0.18,0.66
ISIC_0010445.jpg,0.26,1.45,0.19,0.81
ISIC_0015062.jpg,0.06,4.88,0.36,0.84
ISIC_0013562.jpg,0.14,1.68,0.09,0.66
ISIC_0009937.jpg,0.15,1.35,0.19,0.75
ISIC_0000314.jpg,0.14,3.18,0.29,0.61
ISIC_0013169.jpg,0.25,1.2,0.17,0.68
ISIC_0012538.jpg,0.24,1.93,0.17,0.74
ISIC_0010327.jpg,0.1,1.14,0.17,0.67
ISIC_0015133.jpg,0.17,1.17,0.45,0.63
ISIC_0005639.jpg,0.08,1.17,0.16,0.69
ISIC_0014773.jpg,0.27,22.44,0.29,0.69
ISIC_0009898.jpg,0.28,1.31,0.31,0.69
ISIC_0010592.jpg,0.25,2.8,0.27,0.67
ISIC_0000131.jpg,0.03,1.61,0.22,0.61
ISIC_0013129.jpg,0.06,1.14,0.13,0.62
ISIC_0011095.jpg,0.3,1.32,0.33,0.69
ISIC_0010187.jpg,0.24,3.48,0.26,0.68
ISIC_0013637.jpg,0.12,1.71,0.06,0.64
ISIC_0000392.jpg,0.12,1.2,0.14,0.66
ISIC_0010041.jpg,0.37,1.2,0.13,0.79
ISIC_0000358.jpg,0.15,1.13,0.2,0.63
ISIC_0015144.jpg,0.07,1.7,0.26,0.65
ISIC_0012203.jpg,0.21,1.64,0.18,0.67
ISIC_0011295.jpg,0.18,1.25,0.3,0.74
ISIC_0015946.jpg,0.23,7.34,0.16,0.76
ISIC_0013581.jpg,0.24,1.85,0.07,0.77
ISIC_0010169.jpg,0.37,1.24,0.29,0.86
ISIC_0010183.jpg,0.21,5.71,0.23,0.62
ISIC_0000122.jpg,0.1,1.2,0.18,0.69
ISIC_0000150.jpg,0.34,1.6,0.28,0.66
ISIC_0000521.jpg,0.08,1.37,0.24,0.81
ISIC_0015625.jpg,0.15,29.84,0.28,0.63
ISIC_0001190.jpg,0.14,1.2,0.12,0.64
ISIC_0000507.jpg,0.14,1.73,0.19,0.69
ISIC_0015510.jpg,0.14,18.35,0.25,0.58
ISIC_0000101.jpg,0.09,2.26,0.18,0.65
ISIC_0014658.jpg,0.17,1.86,0.35,0.67
ISIC_0013147.jpg,0.12,1.76,0.17,0.75
ISIC_0013691.jpg,0.1,1.79,0.08,0.62
ISIC_0015962.jpg,0.24,8.71,0.14,0.65
ISIC_0014577.jpg,0.25,2.05,0.06,0.63
ISIC_0014879.jpg,0.1,7.14,0.34,0.62
ISIC_0015972.jpg,0.17,8.88,0.12,0.61
ISIC_0014912.jpg,0.64,216.6,0.26,0.88
ISIC_0012253.jpg,0.18,1.84,0.04,0.7
ISIC_0016014.jpg,0.21,4.94,0.14,0.68
ISIC_0000457.jpg,0.12,3.82,0.19,0.66
ISIC_0012311.jpg,0.13,1.29,0.09,0.7
ISIC_0000184.jpg,0.16,1.23,0.29,0.67
ISIC_0014080.jpg,0.19,1.78,0.16,0.74
ISIC_0013491.jpg,0.12,1.73,0.16,0.62
ISIC_0009918.jpg,0.22,1.23,0.28,0.65
ISIC_0013835.jpg,0.1,1.21,0.05,0.7
ISIC_0012793.jpg,0.2,1.82,0.17,0.76
ISIC_0014834.jpg,0.14,1.82,0.21,0.65
ISIC_0010047.jpg,0.14,1.32,0.09,0.73
ISIC_0014765.jpg,0.24,76.78,0.24,0.69
ISIC_0014360.jpg,0.29,2,0.11,0.65
ISIC_0000481.jpg,0.36,1.51,0.22,0.84
ISIC_0012666.jpg,0.19,1.6,0.2,0.66
ISIC_0000282.jpg,0.3,1.33,0.18,0.62
ISIC_0015241.jpg,0.24,21.33,0.26,0.69
ISIC_0014713.jpg,0.17,1.91,0.32,0.66
ISIC_0000290.jpg,0.18,1.44,0.29,0.69
ISIC_0010024.jpg,0.18,1.28,0.22,0.74
ISIC_0013652.jpg,0.35,1.51,0.1,0.66
ISIC_0010071.jpg,0.13,1.27,0.28,0.81
ISIC_0012316.jpg,0.14,1.72,0.2,0.66
ISIC_0000329.jpg,0.09,1.17,0.28,0.62
ISIC_0000413.jpg,0.3,1.82,0.15,0.74
ISIC_0009992.jpg,0.24,1.26,0.28,0.71
ISIC_0013685.jpg,0.13,1.4,0.12,0.48
ISIC_0006651.jpg,0.22,3.83,0.11,0.62
ISIC_0015270.jpg,0.1,1.18,0.37,0.63
ISIC_0015060.jpg,0.14,1.16,0.31,0.66
ISIC_0014324.jpg,0.14,1.29,0.09,0.77
ISIC_0010006.jpg,0.09,1.2,0.32,0.69
ISIC_0013602.jpg,0.2,1.2,0.13,0.68
ISIC_0011300.jpg,0.34,1.21,0.41,0.88
ISIC_0012126.jpg,0.11,1.72,0.24,0.73
ISIC_0010225.jpg,0.27,3.64,0.19,0.67
ISIC_0000469.jpg,0.26,7.83,0.17,0.68
ISIC_0013288.jpg,0.3,1.85,0.09,0.63
ISIC_0000354.jpg,0.2,4.56,0.21,0.72
ISIC_0000226.jpg,0.12,1.21,0.39,0.65
ISIC_0012374.jpg,0.14,2.17,0.12,0.74
ISIC_0014475.jpg,0.22,6.37,0.13,0.69
ISIC_0011373.jpg,0.43,1.3,0.19,0.88
ISIC_0011386.jpg,0.13,1.16,0.45,0.62
ISIC_0014933.jpg,0.08,1.65,0.32,0.65
ISIC_0000491.jpg,0.13,3.76,0.21,0.68
ISIC_0000355.jpg,0.16,1.19,0.19,0.68
ISIC_0013962.jpg,0.12,1.56,0.09,0.68
ISIC_0010340.jpg,0.21,2.83,0.2,0.76
ISIC_0001128.jpg,0.11,1.25,0.27,0.71
ISIC_0000015.jpg,0.34,4.68,0.26,0.64
ISIC_0006982.jpg,0.12,1.25,0.09,0.69
ISIC_0000027.jpg,0.14,4.08,0.18,0.64
ISIC_0014760.jpg,0.09,1.77,0.24,0.8
ISIC_0012669.jpg,0.13,1.19,0.19,0.67
ISIC_0010060.jpg,0.23,1.31,0.12,0.72
ISIC_0011168.jpg,0.27,2.3,0.21,0.67
ISIC_0012358.jpg,0.33,18.07,0.1,0.72
ISIC_0015485.jpg,0.18,18.89,0.3,0.71
ISIC_0013291.jpg,0.24,16.85,0.15,0.66
ISIC_0014286.jpg,0.14,1.66,0.18,0.69
ISIC_0008207.jpg,0.19,5.34,0.15,0.69
ISIC_0014503.jpg,0.07,1.12,0.13,0.63
ISIC_0009933.jpg,0.14,1.16,0.37,0.6
ISIC_0011143.jpg,0.26,1.56,0.22,0.68
ISIC_0013805.jpg,0.12,1.18,0.15,0.64
ISIC_0010058.jpg,0.2,1.19,0.21,0.63
ISIC_0000185.jpg,0.12,1.72,0.15,0.69
ISIC_0010360.jpg,0.2,1.36,0.2,0.7
ISIC_0000536.jpg,0.37,2.01,0.19,0.63
ISIC_0014989.jpg,0.17,1.89,0.32,0.66
ISIC_0010248.jpg,0.04,1.14,0.13,0.67
ISIC_0013739.jpg,0.19,1.31,0.14,0.71
ISIC_0015023.jpg,0.06,1.17,0.45,0.66
ISIC_0014958.jpg,0.31,1.5,0.45,0.76
ISIC_0002488.jpg,0.21,2.75,0.07,0.67
ISIC_0000480.jpg,0.25,9.27,0.21,0.65
ISIC_0003559.jpg,0.13,1.23,0.16,0.66
ISIC_0015142.jpg,0.23,1.19,0.36,0.7
ISIC_0008785.jpg,0.12,1.19,0.13,0.63
ISIC_0015034.jpg,0.08,5.99,0.25,0.66
ISIC_0015037.jpg,0.12,31.35,0.27,0.67
ISIC_0014255.jpg,0.19,1.2,0.16,0.66
ISIC_0015219.jpg,0.1,1.83,0.29,0.65
ISIC_0000189.jpg,0.19,1.2,0.25,0.69
ISIC_0009888.jpg,0.18,4.02,0.18,0.64
ISIC_0011121.jpg,0.41,1.63,0.27,0.93
ISIC_0013498.jpg,0.23,1.92,0.24,0.68
ISIC_0012230.jpg,0.2,1.67,0.15,0.66
ISIC_0013096.jpg,0.2,10.34,0.21,0.7
ISIC_0000082.jpg,0.18,2.25,0.29,0.68
ISIC_0012484.jpg,0.1,1.21,0.1,0.61
ISIC_0015260.jpg,0.16,2.03,0.27,0.73
ISIC_0012309.jpg,0.27,1.8,0.15,0.7
ISIC_0005555.jpg,0.19,1.3,0.15,0.69
ISIC_0012272.jpg,0.15,1.25,0.13,0.76
ISIC_0012706.jpg,0.13,1.23,0.15,0.67
ISIC_0015245.jpg,0.09,1.17,0.2,0.64
ISIC_0011326.jpg,0.23,1.5,0.15,0.75
ISIC_0002806.jpg,0.12,8.2,0.08,0.7
ISIC_0014327.jpg,0.33,1.47,0.15,0.63
ISIC_0015566.jpg,0.13,1.21,0.36,0.68
ISIC_0009860.jpg,0.34,3.08,0.16,0.75
ISIC_0013034.jpg,0.28,1.47,0.07,0.6
ISIC_0013815.jpg,0.21,2.02,0.15,0.61
ISIC_0013578.jpg,0.68,3.54,0.11,0.73
ISIC_0011081.jpg,0.18,1.19,0.12,0.67
ISIC_0011144.jpg,0.26,1.32,0.34,0.68
ISIC_0001372.jpg,0.13,1.79,0.12,0.7
ISIC_0014586.jpg,0.12,1.21,0.23,0.63
ISIC_0010844.jpg,0.21,1.49,0.24,0.66
ISIC_0015383.jpg,0.3,32.27,0.41,0.72
ISIC_0010056.jpg,0.09,1.27,0.2,0.7
ISIC_0012400.jpg,0.2,1.36,0.16,0.73
ISIC_0013874.jpg,0.11,1.73,0.12,0.72
ISIC_0008406.jpg,0.19,2.02,0.13,0.71
ISIC_0011224.jpg,0.18,1.36,0.2,0.69
ISIC_0014527.jpg,0.18,1.21,0.09,0.61
ISIC_0014780.jpg,0.23,33.58,0.23,0.66
ISIC_0013410.jpg,0.26,1.84,0.07,0.7
ISIC_0000503.jpg,0.22,4.2,0.26,0.68
ISIC_0013567.jpg,0.1,1.17,0.04,0.66
ISIC_0015020.jpg,0.2,1.21,0.26,0.68
ISIC_0000097.jpg,0.11,3.71,0.23,0.75
ISIC_0000344.jpg,0.27,1.72,0.2,0.65
ISIC_0004346.jpg,0.09,1.17,0.1,0.66
ISIC_0001871.jpg,0.1,1.58,0.1,0.68
ISIC_0010182.jpg,0.32,2.57,0.2,0.78
ISIC_0000029.jpg,0.12,2.86,0.27,0.64
ISIC_0010231.jpg,0.35,1.88,0.16,0.72
ISIC_0012205.jpg,0.16,1.77,0.22,0.68
ISIC_0013342.jpg,0.14,1.68,0.21,0.68
ISIC_0000093.jpg,0.07,1.52,0.17,0.68
ISIC_0010086.jpg,0.36,4.75,0.23,0.71
ISIC_0014150.jpg,0.16,1.86,0.14,0.68
ISIC_0015170.jpg,0.17,2.11,0.18,0.63
ISIC_0015993.jpg,0.25,6.42,0.2,0.72
ISIC_0016054.jpg,0.12,1.15,0.12,0.67
ISIC_0012903.jpg,0.15,5.36,0.29,0.64
ISIC_0000050.jpg,0.19,1.44,0.17,0.69
ISIC_0014969.jpg,0.08,1.2,0.43,0.66
ISIC_0014748.jpg,0.15,1.82,0.26,0.69
ISIC_0015254.jpg,0.11,1.17,0.33,0.68
ISIC_0012256.jpg,0.27,1.27,0.03,0.67
ISIC_0013189.jpg,0.42,1.29,0.17,0.68
ISIC_0013334.jpg,0.16,1.18,0.2,0.66
ISIC_0013126.jpg,0.13,1.69,0.22,0.72
ISIC_0014156.jpg,0.25,4.68,0.15,0.72
ISIC_0010449.jpg,0.1,1.49,0.14,0.63
ISIC_0013621.jpg,0.17,2.09,0.1,0.71
ISIC_0009923.jpg,0.26,3.74,0.18,0.66
ISIC_0014707.jpg,0.19,1.98,0.23,0.69
ISIC_0013165.jpg,0.14,1.98,0.07,0.73
ISIC_0010846.jpg,0.12,1.18,0.12,0.63
ISIC_0011140.jpg,0.3,2.37,0.19,0.68
ISIC_0015956.jpg,0.15,1.33,0.28,0.71
ISIC_0012676.jpg,0.15,1.63,0.26,0.67
ISIC_0012094.jpg,0.11,1.65,0.14,0.68
ISIC_0012263.jpg,0.23,1.25,0.14,0.67
ISIC_0012173.jpg,0.15,1.84,0.06,0.67
ISIC_0013828.jpg,0.22,1.78,0.09,0.69
ISIC_0014361.jpg,0.24,1.58,0.28,0.66
ISIC_0010492.jpg,0.35,1.33,0.25,0.84
ISIC_0000534.jpg,0.17,3.85,0.31,0.65
ISIC_0011105.jpg,0.18,1.33,0.31,0.79
ISIC_0012159.jpg,0.34,2.04,0.05,0.7
ISIC_0016028.jpg,0.2,9.98,0.09,0.63
ISIC_0013594.jpg,0.16,2.01,0.16,0.73
ISIC_0005787.jpg,0.13,1.2,0.06,0.69
ISIC_0006940.jpg,0.06,1.22,0.11,0.69
ISIC_0000250.jpg,0.17,1.28,0.22,0.69
ISIC_0000098.jpg,0.11,1.72,0.18,0.77
ISIC_0000191.jpg,0.1,1.25,0.28,0.69
ISIC_0013063.jpg,0.09,1.19,0.06,0.62
ISIC_0012116.jpg,0.1,1.23,0.22,0.7
ISIC_0000147.jpg,0.09,1.16,0.31,0.66
ISIC_0000216.jpg,0.07,2.16,0.27,0.65
ISIC_0000051.jpg,0.23,4.6,0.24,0.69
ISIC_0000473.jpg,0.19,1.3,0.17,0.67
ISIC_0000072.jpg,0.17,1.71,0.3,0.63
ISIC_0001292.jpg,0.21,2.86,0.08,0.73
ISIC_0013516.jpg,0.15,1.16,0.05,0.6
ISIC_0010000.jpg,0.38,3.67,0.16,0.78
ISIC_0010236.jpg,0.22,3.13,0.18,0.77
ISIC_0006914.jpg,0.1,1.25,0.13,0.72
ISIC_0012715.jpg,0.39,1.65,0.09,0.71
ISIC_0013181.jpg,0.18,1.26,0.18,0.63
ISIC_0011161.jpg,0.16,1.31,0.18,0.76
ISIC_0014956.jpg,0.07,1.14,0.37,0.63
ISIC_0015369.jpg,0.03,1.12,0.2,0.62
ISIC_0012306.jpg,0.14,1.69,0.17,0.71
ISIC_0016034.jpg,0.38,18.05,0.09,0.59
ISIC_0014820.jpg,0.12,5.34,0.27,0.62
ISIC_0010558.jpg,0.29,3.91,0.18,0.73
ISIC_0011202.jpg,0.15,1.16,0.1,0.65
ISIC_0012376.jpg,0.24,1.7,0.19,0.71
ISIC_0010351.jpg,0.18,2.3,0.11,0.66
ISIC_0015204.jpg,0.16,1.84,0.24,0.67
ISIC_0013170.jpg,0.08,1.14,0.14,0.64
ISIC_0011089.jpg,0.19,1.16,0.16,0.65
ISIC_0014160.jpg,0.76,37.6,0.11,0.63
ISIC_0011162.jpg,0.37,5.12,0.11,0.63
ISIC_0015011.jpg,0.36,7.85,0.21,0.77
ISIC_0010573.jpg,0.1,1.22,0.23,0.72
ISIC_0002439.jpg,0.21,4.84,0.19,0.64
ISIC_0011362.jpg,0.33,3.72,0.11,0.8
ISIC_0014725.jpg,0.17,26.33,0.29,0.67
ISIC_0013055.jpg,0.24,1.62,0.14,0.72
ISIC_0015273.jpg,0.26,8.38,0.27,0.72
ISIC_0013843.jpg,0.1,1.63,0.2,0.69
ISIC_0014803.jpg,0.13,1.81,0.3,0.7
ISIC_0012455.jpg,0.14,1.69,0.13,0.71
ISIC_0013495.jpg,0.2,2.07,0.15,0.78
ISIC_0010349.jpg,0.34,1.25,0.26,0.76
ISIC_0010603.jpg,0.18,1.34,0.18,0.95
ISIC_0010323.jpg,0.29,1.24,0.11,0.93
ISIC_0014183.jpg,0.2,1.48,0.09,0.75
ISIC_0000367.jpg,0.09,1.15,0.4,0.65
ISIC_0004985.jpg,0.15,1.28,0.1,0.72
ISIC_0000345.jpg,0.09,1.17,0.25,0.73
ISIC_0012512.jpg,0.25,1.64,0.18,0.76
ISIC_0000067.jpg,0.13,2.72,0.26,0.63
ISIC_0010346.jpg,0.07,1.16,0.26,0.6
ISIC_0000089.jpg,0.25,3.71,0.31,0.72
ISIC_0015019.jpg,0.28,32.84,0.18,0.7
ISIC_0000145.jpg,0.12,1.7,0.17,0.64
ISIC_0000528.jpg,0.25,2.94,0.1,0.67
ISIC_0014103.jpg,0.12,1.22,0.13,0.74
ISIC_0012167.jpg,0.1,1.22,0.17,0.69
ISIC_0009504.jpg,0.17,1.57,0.14,0.63
ISIC_0013678.jpg,0.21,10.98,0.15,0.65
ISIC_0015202.jpg,0.13,1.21,0.4,0.66
ISIC_0014936.jpg,0.31,59.28,0.39,0.71
ISIC_0009976.jpg,0.2,1.21,0.21,0.67
ISIC_0000346.jpg,0.16,1.32,0.25,0.7
ISIC_0013713.jpg,0.14,1.79,0.16,0.67
ISIC_0008507.jpg,0.13,1.15,0.21,0.6
ISIC_0003308.jpg,0.1,1.28,0.07,0.73
ISIC_0013184.jpg,0.11,1.79,0.14,0.66
ISIC_0013438.jpg,0.07,1.72,0.08,0.62
ISIC_0014382.jpg,0.22,2,0.16,0.67
ISIC_0015419.jpg,0.24,1.22,0.27,0.8
ISIC_0015958.jpg,0.2,1.26,0.07,0.64
ISIC_0000126.jpg,0.19,21.07,0.27,0.69
ISIC_0012740.jpg,0.22,4.23,0.21,0.69
ISIC_0015021.jpg,0.16,18.33,0.14,0.65
ISIC_0000431.jpg,0.27,1.42,0.29,0.66
ISIC_0006671.jpg,0.18,1.15,0.08,0.63
ISIC_0014490.jpg,0.29,5.92,0.11,0.66
ISIC_0012425.jpg,0.12,8.49,0.15,0.73
ISIC_0013287.jpg,0.15,1.76,0.16,0.66
ISIC_0010588.jpg,0.32,1.3,0.25,0.94
ISIC_0009917.jpg,0.3,2.52,0.11,0.71
ISIC_0010216.jpg,0.18,1.21,0.29,0.63
ISIC_0014720.jpg,0.1,1.23,0.31,0.72
ISIC_0011150.jpg,0.18,1.22,0.39,0.71
ISIC_0014771.jpg,0.37,2.23,0.31,0.74
ISIC_0013219.jpg,0.15,1.68,0.16,0.68
ISIC_0000099.jpg,0.14,1.28,0.24,0.7
ISIC_0011345.jpg,0.42,4.2,0.29,0.75
ISIC_0012700.jpg,0.19,5.54,0.18,0.65
ISIC_0010207.jpg,0.42,3.65,0.14,0.66
ISIC_0000182.jpg,0.07,1.14,0.21,0.6
ISIC_0010237.jpg,0.18,1.31,0.26,0.73
ISIC_0011208.jpg,0.28,4.92,0.16,0.73
ISIC_0013114.jpg,0.14,1.19,0.13,0.64
ISIC_0010864.jpg,0.26,3.42,0.29,0.71
ISIC_0014136.jpg,0.19,1.77,0.09,0.65
ISIC_0015110.jpg,0.35,2.83,0.26,0.73
ISIC_0010447.jpg,0.15,1.45,0.12,0.72
ISIC_0013842.jpg,0.12,5.73,0.09,0.69
ISIC_0014073.jpg,0.3,31.63,0.16,0.66
ISIC_0014665.jpg,0.11,1.72,0.21,0.71
ISIC_0014603.jpg,0.79,8.35,0.25,0.67
ISIC_0012136.jpg,0.12,1.28,0.1,0.75
ISIC_0011151.jpg,0.39,3.44,0.17,0.86
ISIC_0000488.jpg,0.22,3.08,0.15,0.73
ISIC_0010264.jpg,0.07,1.21,0.19,0.74
ISIC_0014693.jpg,0.16,1.8,0.2,0.75
ISIC_0012662.jpg,0.18,1.47,0.19,0.72
ISIC_0014480.jpg,0.18,1.31,0.14,0.61
ISIC_0009988.jpg,0.06,1.28,0.24,0.79
ISIC_0000108.jpg,0.08,2.62,0.27,0.63
ISIC_0013150.jpg,0.15,1.55,0.08,0.64
ISIC_0013230.jpg,0.14,5.31,0.14,0.61
ISIC_0000433.jpg,0.19,1.42,0.25,0.82
ISIC_0000425.jpg,0.13,1.29,0.15,0.73
ISIC_0010468.jpg,0.21,5.32,0.18,0.69
ISIC_0008998.jpg,0.23,14.8,0.16,0.69
ISIC_0012325.jpg,0.21,1.34,0.07,0.76
ISIC_0013258.jpg,0.24,1.7,0.19,0.69
ISIC_0015537.jpg,0.3,1.24,0.22,0.73
ISIC_0015212.jpg,0.17,13.46,0.33,0.66
ISIC_0014998.jpg,0.06,1.2,0.35,0.67
ISIC_0010479.jpg,0.09,1.21,0.14,0.71
ISIC_0014576.jpg,0.21,1.92,0.04,0.62
ISIC_0014903.jpg,0.2,2.32,0.28,0.77
ISIC_0013023.jpg,0.21,1.61,0.2,0.64
ISIC_0013793.jpg,0.4,2.01,0.18,0.66
ISIC_0015603.jpg,0.3,28.59,0.26,0.64
ISIC_0013953.jpg,0.11,1.18,0.12,0.66
ISIC_0013047.jpg,0.19,1.68,0.18,0.65
ISIC_0000409.jpg,0.25,2.14,0.24,0.66
ISIC_0012710.jpg,0.19,1.65,0.18,0.69
ISIC_0000037.jpg,0.19,3.32,0.4,0.69
ISIC_0010262.jpg,0.21,2.43,0.24,0.62
ISIC_0000313.jpg,0.12,1.21,0.24,0.67
ISIC_0014229.jpg,0.11,1.67,0.23,0.62
ISIC_0012699.jpg,0.13,1.63,0.22,0.61
ISIC_0014476.jpg,0.46,2.55,0.16,0.75
ISIC_0011149.jpg,0.26,1.29,0.27,0.75
ISIC_0009869.jpg,0.17,1.28,0.26,0.71
ISIC_0013766.jpg,0.21,5.72,0.14,0.7
ISIC_0001191.jpg,0.17,1.33,0.1,0.69
ISIC_0015203.jpg,0.15,1.22,0.27,0.83
ISIC_0000311.jpg,0.1,1.19,0.23,0.77
ISIC_0013393.jpg,0.12,1.18,0.1,0.65
ISIC_0000303.jpg,0.19,1.18,0.24,0.86
ISIC_0000515.jpg,0.09,1.2,0.26,0.69
ISIC_0011137.jpg,0.18,2.49,0.2,0.65
ISIC_0000203.jpg,0.07,1.24,0.3,0.83
ISIC_0010184.jpg,0.52,4.71,0.21,0.79
ISIC_0000153.jpg,0.16,2.93,0.15,0.62
ISIC_0011328.jpg,0.15,3.81,0.14,0.72
ISIC_0007557.jpg,0.14,1.23,0.16,0.68
ISIC_0015109.jpg,0.15,1.9,0.31,0.69
ISIC_0010265.jpg,0.44,4.33,0.21,0.7
ISIC_0007332.jpg,0.04,1.16,0.22,0.67
ISIC_0000211.jpg,0.08,1.14,0.41,0.62
ISIC_0013032.jpg,0.24,1.74,0.21,0.62
ISIC_0011102.jpg,0.11,1.19,0.22,0.6
ISIC_0014274.jpg,0.11,1.73,0.14,0.63
ISIC_0010010.jpg,0.27,3.28,0.19,0.69
ISIC_0011207.jpg,0.12,1.17,0.18,0.58
ISIC_0009895.jpg,0.23,1.21,0.28,0.66
ISIC_0009078.jpg,0.15,1.68,0.25,0.64
ISIC_0015368.jpg,0.17,20.02,0.22,0.73
ISIC_0000518.jpg,0.19,1.32,0.29,0.63
ISIC_0013865.jpg,0.26,1.88,0.13,0.67
ISIC_0000140.jpg,0.19,1.25,0.4,0.63
ISIC_0013274.jpg,0.18,1.66,0.21,0.7
ISIC_0014545.jpg,0.08,1.59,0.18,0.6
ISIC_0014526.jpg,0.15,1.72,0.06,0.64
ISIC_0016030.jpg,0.07,1.18,0.06,0.59
ISIC_0014289.jpg,0.18,1.79,0.16,0.75
ISIC_0009962.jpg,0.16,1.47,0.38,0.94
ISIC_0000337.jpg,0.12,1.15,0.37,0.67
ISIC_0012653.jpg,0.12,1.65,0.18,0.71
ISIC_0013674.jpg,0.23,1.42,0.14,0.75
ISIC_0000381.jpg,0.25,1.59,0.3,0.73
ISIC_0011382.jpg,0.26,3.6,0.31,0.67
ISIC_0015201.jpg,0.23,24.93,0.28,0.71
ISIC_0010037.jpg,0.17,1.27,0.18,0.81
ISIC_0014663.jpg,0.21,48.7,0.15,0.64
ISIC_0012721.jpg,0.11,1.74,0.14,0.66
ISIC_0013836.jpg,0.1,1.64,0.15,0.68
ISIC_0010204.jpg,0.18,1.26,0.24,0.86
ISIC_0013403.jpg,0.12,1.69,0.11,0.65
ISIC_0015251.jpg,1.42,275.36,0.05,0.73
ISIC_0014692.jpg,0.09,1.68,0.3,0.7
ISIC_0012773.jpg,0.13,1.56,0.14,0.82
ISIC_0010064.jpg,0.21,3.24,0.19,0.62
ISIC_0013813.jpg,0.21,1.28,0.08,0.79
ISIC_0007038.jpg,0.18,1.35,0.13,0.74
ISIC_0014559.jpg,0.11,1.14,0.15,0.62
ISIC_0000202.jpg,0.05,1.17,0.3,0.83
ISIC_0013942.jpg,0.13,1.16,0.19,0.62
ISIC_0000148.jpg,0.18,1.36,0.29,0.7
ISIC_0002251.jpg,0.12,1.26,0.16,0.73
ISIC_0011383.jpg,0.13,1.38,0.25,0.65
ISIC_0000483.jpg,0.21,3.1,0.22,0.65
ISIC_0013238.jpg,0.37,1.91,0.11,0.63
ISIC_0013277.jpg,0.1,1.19,0.17,0.67
ISIC_0014357.jpg,0.14,1.84,0.07,0.71
ISIC_0000228.jpg,0.11,4.25,0.31,0.68
ISIC_0011330.jpg,0.18,2.23,0.27,0.68
ISIC_0013455.jpg,0.22,1.24,0.2,0.6
ISIC_0013795.jpg,0.19,1.24,0.37,0.66
ISIC_0014703.jpg,0.36,1.4,0.23,0.81
ISIC_0000540.jpg,0.19,4.45,0.18,0.64
ISIC_0012735.jpg,0.12,1.62,0.24,0.69
ISIC_0012941.jpg,0.07,1.14,0.05,0.62
ISIC_0014979.jpg,0.44,1.27,0.16,0.82
ISIC_0015220.jpg,0.13,1.78,0.23,0.75
ISIC_0015127.jpg,0.24,101.46,0.36,0.65
ISIC_0015636.jpg,0.05,2.66,0.26,0.65
ISIC_0014809.jpg,0.19,1.87,0.24,0.64
ISIC_0010317.jpg,0.21,2.35,0.19,0.63
ISIC_0009994.jpg,0.22,2.64,0.19,0.76
ISIC_0012911.jpg,0.37,1.5,0.2,0.65
ISIC_0012656.jpg,0.23,4.35,0.25,0.6
ISIC_0010251.jpg,0.17,1.49,0.28,0.67
ISIC_0014730.jpg,0.1,1.24,0.32,0.64
ISIC_0010853.jpg,0.38,2.38,0.26,0.64
ISIC_0015971.jpg,0.25,5.47,0.26,0.65
ISIC_0013458.jpg,0.12,1.64,0.12,0.64
ISIC_0014567.jpg,0.14,10.89,0.15,0.68
ISIC_0000151.jpg,0.26,1.45,0.28,0.73
ISIC_0012266.jpg,0.56,95.98,0.06,0.64
ISIC_0011305.jpg,0.36,3.8,0.17,0.69
ISIC_0013163.jpg,0.15,4.52,0.17,0.68
ISIC_0016070.jpg,0.13,1.18,0.2,0.67
ISIC_0009927.jpg,0.16,1.19,0.17,0.63
ISIC_0016008.jpg,0.23,1.4,0.09,0.74
ISIC_0011358.jpg,0.28,4.96,0.18,0.75
ISIC_0014543.jpg,0.28,2.27,0.12,0.68
ISIC_0010597.jpg,0.22,1.31,0.26,0.67
ISIC_0000116.jpg,0.37,1.49,0.21,0.64
ISIC_0014233.jpg,0.2,1.4,0.1,0.77
ISIC_0010380.jpg,0.4,5.68,0.14,0.68
ISIC_0009950.jpg,0.08,1.22,0.27,0.68
ISIC_0014687.jpg,0.06,1.14,0.36,0.65
ISIC_0013075.jpg,0.12,1.67,0.2,0.68
ISIC_0013400.jpg,0.15,1.24,0.11,0.67
ISIC_0013456.jpg,0.42,3.53,0.15,0.64
ISIC_0010093.jpg,0.14,1.42,0.16,0.86
ISIC_0013592.jpg,0.13,1.61,0.13,0.68
ISIC_0011085.jpg,0.11,1.19,0.38,0.67
ISIC_0016055.jpg,0.06,1.13,0.23,0.6
ISIC_0015445.jpg,0.98,3.02,0.34,0.9
ISIC_0014486.jpg,0.23,1.78,0.17,0.65
ISIC_0011315.jpg,0.25,1.26,0.16,0.67
ISIC_0014347.jpg,0.21,1.42,0.08,0.72
ISIC_0013374.jpg,0.18,1.26,0.11,0.74
ISIC_0013961.jpg,0.14,1.17,0.05,0.63
ISIC_0010029.jpg,0.31,1.41,0.14,0.76
ISIC_0014642.jpg,0.2,1.91,0.05,0.65
ISIC_0014625.jpg,0.63,14.04,0.12,0.73
ISIC_0000537.jpg,0.41,11.02,0.13,0.78
ISIC_0011347.jpg,0.2,1.25,0.18,0.82
ISIC_0010856.jpg,0.27,3.14,0.16,0.67
ISIC_0012876.jpg,0.13,1.18,0.1,0.69
ISIC_0008403.jpg,0.08,1.14,0.1,0.63
ISIC_0013656.jpg,0.11,1.45,0.16,0.69
ISIC_0013356.jpg,0.13,3.03,0.17,0.7
ISIC_0004115.jpg,0.2,1.38,0.11,0.74
ISIC_0015157.jpg,0.2,82.51,0.29,0.72
ISIC_0012749.jpg,0.4,1.62,0.3,0.83
ISIC_0015990.jpg,0.15,6.82,0.19,0.69
ISIC_0015050.jpg,0.23,44.93,0.17,0.8
ISIC_0016040.jpg,0.48,19.93,0.14,0.61
ISIC_0016063.jpg,0.23,4.88,0.13,0.65
ISIC_0000361.jpg,0.14,1.31,0.31,0.65
ISIC_0014162.jpg,0.27,1.83,0.04,0.68
ISIC_0015309.jpg,0.18,12.9,0.18,0.62
ISIC_0011146.jpg,0.12,1.18,0.24,0.63
ISIC_0009971.jpg,0.39,2.89,0.22,0.62
ISIC_0015129.jpg,0.15,10.94,0.19,0.6
ISIC_0013094.jpg,0.23,1.24,0.19,0.64
ISIC_0013269.jpg,0.29,23.83,0.08,0.68
ISIC_0013525.jpg,0.37,2.51,0.18,0.78
ISIC_0000386.jpg,0.16,7.7,0.22,0.63
ISIC_0016041.jpg,0.07,1.16,0.08,0.64
ISIC_0000882.jpg,0.08,1.19,0.13,0.7
ISIC_0015939.jpg,0.28,3.85,0.2,0.69
ISIC_0000043.jpg,0.21,1.34,0.32,0.67
ISIC_0001262.jpg,0.14,1.23,0.14,0.69
ISIC_0014609.jpg,0.28,1.7,0.25,0.7
ISIC_0002879.jpg,0.27,1.24,0.21,0.68
ISIC_0000172.jpg,0.21,4.49,0.31,0.69
ISIC_0014843.jpg,0.24,1.31,0.26,0.63
ISIC_0009896.jpg,0.14,1.58,0.3,0.84
ISIC_0000230.jpg,0.17,4.66,0.34,0.76
ISIC_0000197.jpg,0.13,4.75,0.37,0.66
ISIC_0016038.jpg,0.21,4.94,0.27,0.66
ISIC_0015155.jpg,0.09,10.49,0.14,0.68
ISIC_0010069.jpg,0.27,2.29,0.23,0.69
ISIC_0010017.jpg,0.12,1.16,0.29,0.66
ISIC_0011210.jpg,0.2,1.34,0.29,0.71
ISIC_0000041.jpg,0.28,2.03,0.22,0.67
ISIC_0004110.jpg,0.15,1.24,0.23,0.71
ISIC_0012677.jpg,0.15,1.65,0.27,0.68
ISIC_0010593.jpg,0.14,1.15,0.34,0.59
ISIC_0014032.jpg,0.14,1.17,0.15,0.66
ISIC_0010227.jpg,0.23,8.41,0.13,0.71
ISIC_0000501.jpg,0.18,2.34,0.17,0.64
ISIC_0013200.jpg,0.16,1.69,0.09,0.72
ISIC_0010043.jpg,0.27,1.25,0.18,0.69
ISIC_0000495.jpg,0.18,1.79,0.31,0.66
ISIC_0015226.jpg,0.15,6.59,0.27,0.67
ISIC_0012149.jpg,0.2,1.19,0.22,0.67
ISIC_0000485.jpg,0.53,9.37,0.22,0.82
ISIC_0014072.jpg,0.2,1.2,0.11,0.69
ISIC_0014639.jpg,0.29,1.34,0.15,0.67
ISIC_0012508.jpg,0.23,1.82,0.17,0.72
ISIC_0012278.jpg,0.13,3.23,0.15,0.66
ISIC_0002489.jpg,0.18,2.18,0.17,0.68
ISIC_0014438.jpg,0.09,1.73,0.08,0.71
ISIC_0013164.jpg,0.21,11.97,0.23,0.59
ISIC_0014062.jpg,0.42,2.07,0.08,0.69
ISIC_0014964.jpg,0.12,33.53,0.31,0.71
ISIC_0004715.jpg,0.08,1.13,0.07,0.64
ISIC_0014851.jpg,0.17,1.98,0.19,0.64
ISIC_0016044.jpg,0.14,1.21,0.14,0.67
ISIC_0013830.jpg,0.14,1.56,0.13,0.68
ISIC_0013048.jpg,0.09,1.61,0.17,0.64
ISIC_0013395.jpg,0.12,1.7,0.12,0.67
ISIC_0011199.jpg,0.24,2.56,0.18,0.66
ISIC_0013599.jpg,0.11,1.76,0.2,0.73
ISIC_0014798.jpg,0.21,58.42,0.22,0.71
ISIC_0013423.jpg,0.1,1.17,0.05,0.67
ISIC_0012961.jpg,0.22,1.94,0.14,0.62
ISIC_0011343.jpg,0.29,1.31,0.24,0.66
ISIC_0012684.jpg,0.13,1.75,0.21,0.7
ISIC_0014913.jpg,0.18,2.09,0.24,0.7
ISIC_0015193.jpg,0.2,17.82,0.21,0.7
ISIC_0011114.jpg,0.21,1.15,0.25,0.67
ISIC_0012271.jpg,0.08,1.66,0.16,0.72
ISIC_0015985.jpg,0.16,4.56,0.15,0.65
ISIC_0002829.jpg,0.13,1.18,0.16,0.66
ISIC_0013615.jpg,0.39,58.88,0.1,0.6
ISIC_0010473.jpg,0.27,3.92,0.2,0.76
ISIC_0013762.jpg,0.68,2.08,0.13,0.73
ISIC_0000383.jpg,0.16,3.14,0.17,0.64
ISIC_0014683.jpg,0.12,1.85,0.23,0.71
ISIC_0010178.jpg,0.13,1.66,0.19,0.66
ISIC_0000085.jpg,0.18,4.79,0.26,0.61
ISIC_0000164.jpg,0.25,1.42,0.37,0.71
ISIC_0012164.jpg,0.24,1.78,0.12,0.71
ISIC_0000026.jpg,0.19,1.31,0.15,0.73
ISIC_0014114.jpg,0.19,1.2,0.19,0.66
ISIC_0014498.jpg,0.12,1.72,0.15,0.72
ISIC_0014929.jpg,0.13,1.6,0.29,0.69
ISIC_0010206.jpg,0.14,2.61,0.42,0.68
ISIC_0006776.jpg,0.15,1.15,0.11,0.62
ISIC_0012680.jpg,0.13,1.59,0.31,0.67
ISIC_0014089.jpg,0.31,6.85,0.15,0.71
ISIC_0011088.jpg,0.13,1.22,0.14,0.75
ISIC_0011303.jpg,0.09,1.22,0.31,0.67
ISIC_0013643.jpg,0.13,1.67,0.08,0.66
ISIC_0016000.jpg,0.26,17.47,0.18,0.65
ISIC_0012701.jpg,0.25,1.88,0.2,0.68
ISIC_0000293.jpg,0.28,1.3,0.28,0.8
ISIC_0011214.jpg,0.1,3.59,0.27,0.73
ISIC_0012137.jpg,0.35,1.54,0.25,0.62
ISIC_0015002.jpg,0.13,15.01,0.21,0.69
ISIC_0010335.jpg,0.18,1.23,0.33,0.69
ISIC_0000215.jpg,0.08,1.23,0.36,0.74
ISIC_0015941.jpg,0.17,4.48,0.25,0.69
ISIC_0000006.jpg,0.19,3.59,0.2,0.71
ISIC_0013765.jpg,0.2,1.29,0.15,0.62
ISIC_0008552.jpg,0.14,3.2,0.11,0.71
ISIC_0000520.jpg,0.19,1.22,0.17,0.68
ISIC_0013146.jpg,0.45,2.96,0.16,0.66
ISIC_0010192.jpg,0.13,1.32,0.31,0.69
ISIC_0014132.jpg,0.06,1.15,0.09,0.66
ISIC_0013673.jpg,0.12,1.15,0.11,0.65
ISIC_0012520.jpg,0.28,1.95,0.14,0.67
ISIC_0013512.jpg,0.2,8.5,0.18,0.65
ISIC_0013672.jpg,0.29,1.48,0.11,0.75
ISIC_0012208.jpg,0.11,1.56,0.15,0.66
ISIC_0000471.jpg,0.19,3.08,0.25,0.66
ISIC_0012810.jpg,0.33,7.51,0.03,0.65
ISIC_0000336.jpg,0.18,1.24,0.26,0.62
ISIC_0014163.jpg,0.45,2.65,0.07,0.67
ISIC_0010105.jpg,0.2,1.17,0.36,0.6
ISIC_0013600.jpg,0.09,1.28,0.14,0.73
ISIC_0015443.jpg,0.12,1.56,0.16,0.67
ISIC_0009160.jpg,0.08,1.17,0.17,0.65
ISIC_0012658.jpg,0.19,1.63,0.14,0.7
ISIC_0015984.jpg,0.19,1.26,0.16,0.73
ISIC_0013749.jpg,0.24,1.81,0.11,0.66
ISIC_0000166.jpg,0.18,3.01,0.43,0.63
ISIC_0010171.jpg,0.17,1.31,0.15,0.58
ISIC_0011352.jpg,0.49,4.03,0.19,0.7
ISIC_0013079.jpg,0.09,1.25,0.12,0.63
ISIC_0014027.jpg,0.23,1.21,0.1,0.65
ISIC_0013817.jpg,0.06,1.65,0.12,0.64
ISIC_0013026.jpg,0.16,1.76,0.24,0.72
ISIC_0001126.jpg,0.29,1.66,0.12,0.74
ISIC_0013193.jpg,0.05,1.37,0.13,0.74
ISIC_0012855.jpg,0.13,1.74,0.22,0.71
ISIC_0000229.jpg,0.4,1.65,0.34,0.73
ISIC_0013134.jpg,0.12,1.17,0.05,0.67
ISIC_0010847.jpg,0.16,1.2,0.28,0.64
ISIC_0000207.jpg,0.04,1.25,0.25,0.75
ISIC_0009993.jpg,0.38,3.14,0.27,0.68
ISIC_0012357.jpg,0.35,21.86,0.09,0.69
ISIC_0012904.jpg,0.12,5.27,0.13,0.63
ISIC_0015466.jpg,0.21,1.37,0.25,0.83
ISIC_0000307.jpg,0.26,1.3,0.26,0.74
ISIC_0011397.jpg,0.28,1.49,0.19,0.72
ISIC_0014090.jpg,0.28,15.5,0.14,0.69
ISIC_0009973.jpg,0.11,3.23,0.26,0.66
ISIC_0013390.jpg,0.09,1.61,0.13,0.63
ISIC_0014211.jpg,0.2,1.79,0.06,0.67
ISIC_0013862.jpg,0.19,1.35,0.09,0.68
ISIC_0000262.jpg,0.29,3.41,0.19,0.67
ISIC_0000062.jpg,0.17,3.96,0.23,0.68
ISIC_0009964.jpg,0.23,2.3,0.21,0.66
ISIC_0013981.jpg,0.19,1.21,0.11,0.7
ISIC_0014867.jpg,0.18,17.72,0.28,0.68
ISIC_0000086.jpg,0.09,2.65,0.2,0.73
ISIC_0012949.jpg,0.34,1.64,0.22,0.65
ISIC_0000193.jpg,0.16,1.29,0.3,0.72
ISIC_0000245.jpg,0.12,1.16,0.17,0.69
ISIC_0013702.jpg,0.1,1.26,0.11,0.72
ISIC_0014263.jpg,0.14,1.59,0.11,0.62
ISIC_0000359.jpg,0.16,1.26,0.28,0.76
ISIC_0014127.jpg,0.16,2.01,0.1,0.75
ISIC_0010462.jpg,0.14,2.42,0.29,0.66
ISIC_0010233.jpg,0.07,1.21,0.16,0.69
ISIC_0000461.jpg,0.22,4.79,0.16,0.71
ISIC_0014982.jpg,0.16,1.21,0.32,0.69
ISIC_0015353.jpg,0.21,69.79,0.11,0.73
ISIC_0010472.jpg,0.31,2.94,0.24,0.63
ISIC_0014944.jpg,0.23,31.47,0.23,0.65
ISIC_0001188.jpg,0.21,1.21,0.13,0.61
ISIC_0015986.jpg,0.32,25.99,0.14,0.74
ISIC_0014069.jpg,0.11,1.2,0.05,0.66
ISIC_0007087.jpg,0.2,2.42,0.18,0.68
ISIC_0010591.jpg,0.22,1.26,0.19,0.65
ISIC_0014166.jpg,0.45,24.18,0.04,0.69
ISIC_0010189.jpg,0.38,1.27,0.2,0.96
ISIC_0014372.jpg,0.35,1.6,0.13,0.61
ISIC_0014682.jpg,0.19,1.79,0.24,0.75
ISIC_0010220.jpg,0.2,3.13,0.22,0.66
ISIC_0012363.jpg,0.27,18.14,0.06,0.67
ISIC_0010557.jpg,0.21,4.29,0.16,0.62
ISIC_0012804.jpg,0.1,1.26,0.28,0.7
ISIC_0000057.jpg,0.17,1.9,0.18,0.66
ISIC_0000187.jpg,0.21,1.15,0.27,0.79
ISIC_0015940.jpg,0.16,1.19,0.3,0.61
ISIC_0000022.jpg,0.14,1.39,0.24,0.69
ISIC_0002287.jpg,0.19,1.5,0.14,0.72
ISIC_0010456.jpg,0.21,4.09,0.27,0.64
ISIC_0014139.jpg,0.17,1.68,0.14,0.65
ISIC_0000321.jpg,0.08,1.17,0.24,0.67
ISIC_0009935.jpg,0.06,1.19,0.24,0.67
ISIC_0000353.jpg,0.12,1.34,0.24,0.64
ISIC_0015968.jpg,0.12,1.24,0.14,0.67
ISIC_0000073.jpg,0.14,1.69,0.29,0.7
ISIC_0012494.jpg,0.17,1.28,0.08,0.67
ISIC_0014731.jpg,0.16,7.16,0.14,0.64
ISIC_0000479.jpg,0.28,13.63,0.13,0.73
ISIC_0010059.jpg,0.19,1.27,0.25,0.7
ISIC_0015130.jpg,0.12,21.98,0.29,0.65
ISIC_0009990.jpg,0.05,1.23,0.35,0.81
ISIC_0013031.jpg,0.17,1.27,0.12,0.65
ISIC_0016012.jpg,0.33,25.72,0.12,0.71
ISIC_0014698.jpg,0.09,15.04,0.28,0.6
ISIC_0014489.jpg,0.17,1.25,0.14,0.66
ISIC_0013809.jpg,0.11,1.18,0.11,0.65
ISIC_0014832.jpg,0.26,2.41,0.21,0.66
ISIC_0011349.jpg,0.33,1.49,0.22,0.77
ISIC_0010013.jpg,0.11,1.2,0.41,0.69
ISIC_0013601.jpg,0.23,1.86,0.1,0.77
ISIC_0015015.jpg,0.19,1.18,0.36,0.63
ISIC_0009949.jpg,0.18,2.01,0.42,0.7
ISIC_0000382.jpg,0.25,1.6,0.1,0.68
ISIC_0013966.jpg,0.17,1.26,0.08,0.67
ISIC_0013579.jpg,0.44,2.59,0.07,0.64
ISIC_0013975.jpg,0.21,1.27,0.12,0.63
ISIC_0015982.jpg,0.17,15.38,0.19,0.68
ISIC_0000499.jpg,0.11,1.31,0.29,0.7
ISIC_0013897.jpg,0.38,14.17,0.09,0.61
ISIC_0012888.jpg,0.18,1.66,0.18,0.62
ISIC_0000240.jpg,0.11,1.27,0.25,0.62
ISIC_0015256.jpg,0.15,1.24,0.29,0.8
ISIC_0006795.jpg,0.07,1.14,0.1,0.66
ISIC_0014189.jpg,0.33,1.77,0.1,0.73
ISIC_0000087.jpg,0.1,2.57,0.25,0.77
ISIC_0014558.jpg,0.23,2.27,0.14,0.61
ISIC_0010329.jpg,0.14,1.3,0.3,0.78
ISIC_0016062.jpg,0.17,1.29,0.13,0.73
ISIC_0014716.jpg,0.09,1.22,0.3,0.66
ISIC_0000508.jpg,0.23,3.09,0.18,0.65
ISIC_0014743.jpg,0.11,1.35,0.3,0.76
ISIC_0013802.jpg,0.14,1.62,0.13,0.74
ISIC_0000160.jpg,0.13,1.39,0.27,0.87
ISIC_0012092.jpg,0.06,1.28,0.21,0.7
ISIC_0013518.jpg,0.22,2.54,0.08,0.63
ISIC_0010168.jpg,0.2,3.2,0.32,0.7
ISIC_0000159.jpg,0.17,1.24,0.47,0.66
ISIC_0000456.jpg,0.31,4.29,0.1,0.67
ISIC_0009975.jpg,0.19,1.24,0.43,0.66
ISIC_0014392.jpg,0.15,1.18,0.3,0.66
ISIC_0013559.jpg,0.15,1.94,0.15,0.66
ISIC_0011317.jpg,0.19,1.82,0.19,0.63
ISIC_0013917.jpg,0.23,36.2,0.11,0.66
ISIC_0006021.jpg,0.22,1.34,0.11,0.74
ISIC_0014077.jpg,0.11,1.19,0.18,0.74
ISIC_0000546.jpg,0.15,2.81,0.18,0.68
ISIC_0013800.jpg,0.13,1.87,0.16,0.67
ISIC_0015955.jpg,0.21,1.22,0.1,0.65
ISIC_0000074.jpg,0.41,2.14,0.34,0.8
ISIC_0010358.jpg,0.05,1.21,0.31,0.69
ISIC_0010554.jpg,0.5,3.94,0.17,0.72
ISIC_0015283.jpg,0.19,33.62,0.3,0.71
ISIC_0001134.jpg,0.17,1.34,0.33,0.7
ISIC_0011166.jpg,0.37,4.69,0.18,0.6
ISIC_0014574.jpg,0.28,12.5,0.07,0.65
ISIC_0012475.jpg,0.37,1.39,0.12,0.62
ISIC_0015043.jpg,0.09,1.72,0.31,0.65
ISIC_0012835.jpg,0.13,1.65,0.24,0.69
ISIC_0013969.jpg,0.17,1.85,0.07,0.74
ISIC_0012986.jpg,0.13,1.18,0.15,0.63
ISIC_0013082.jpg,0.11,1.61,0.17,0.65
ISIC_0002948.jpg,0.21,4.81,0.13,0.67
ISIC_0015976.jpg,0.25,9.06,0.25,0.63
ISIC_0013709.jpg,0.13,1.28,0.13,0.69
ISIC_0014422.jpg,0.26,2.69,0.07,0.73
ISIC_0010205.jpg,0.11,1.81,0.37,0.61
ISIC_0010337.jpg,0.24,1.23,0.25,0.58
ISIC_0013861.jpg,0.45,1.46,0.12,0.72
ISIC_0012871.jpg,0.09,1.2,0.09,0.65
ISIC_0009885.jpg,0.24,2.01,0.32,0.6
ISIC_0000141.jpg,0.2,10.41,0.27,0.75
ISIC_0012547.jpg,0.21,1.69,0.14,0.62
ISIC_0015994.jpg,0.19,3.26,0.21,0.64
ISIC_0014092.jpg,0.17,1.71,0.16,0.66
ISIC_0014325.jpg,0.31,2.01,0.1,0.65
ISIC_0012248.jpg,0.07,1.23,0.09,0.75
ISIC_0000274.jpg,0.18,1.27,0.37,0.71
ISIC_0000277.jpg,0.09,1.17,0.27,0.64
ISIC_0008145.jpg,0.18,2.42,0.09,0.72
ISIC_0012902.jpg,0.19,1.23,0.08,0.61
ISIC_0001142.jpg,0.22,1.49,0.16,0.71
ISIC_0009188.jpg,0.1,1.24,0.07,0.65
ISIC_0013120.jpg,0.15,1.21,0.05,0.7
ISIC_0013025.jpg,0.16,1.56,0.21,0.65
ISIC_0014848.jpg,0.14,1.83,0.4,0.61
ISIC_0010104.jpg,0.31,3.09,0.24,0.65
ISIC_0011083.jpg,0.17,1.88,0.29,0.61
ISIC_0000530.jpg,0.19,1.27,0.24,0.63
ISIC_0010175.jpg,0.15,1.23,0.34,0.77
ISIC_0014238.jpg,0.13,1.64,0.08,0.65
ISIC_0012657.jpg,0.11,1.76,0.19,0.59
ISIC_0014013.jpg,0.14,1.8,0.17,0.64
ISIC_0014770.jpg,0.09,1.6,0.28,0.67
ISIC_0009961.jpg,0.08,1.3,0.14,0.73
ISIC_0014580.jpg,0.26,1.57,0.16,0.81
ISIC_0012550.jpg,0.2,1.94,0.13,0.68
ISIC_0016025.jpg,0.31,1.34,0.26,0.66
ISIC_0000154.jpg,0.15,2.16,0.17,0.64
ISIC_0008524.jpg,0.41,1.68,0.09,0.75
ISIC_0010382.jpg,0.17,1.21,0.15,0.79
ISIC_0000132.jpg,0.14,1.18,0.19,0.68
ISIC_0010596.jpg,0.25,1.41,0.25,0.66
ISIC_0012213.jpg,0.17,1.6,0.19,0.73
ISIC_0014697.jpg,0.12,1.19,0.29,0.63
ISIC_0013792.jpg,0.08,1.53,0.13,0.6
ISIC_0013844.jpg,0.31,1.95,0.14,0.63
ISIC_0000011.jpg,0.21,1.93,0.19,0.63
ISIC_0013355.jpg,0.19,1.67,0.12,0.69
ISIC_0015284.jpg,0.17,1.31,0.35,0.63
ISIC_0000100.jpg,0.12,1.18,0.37,0.66
ISIC_0000295.jpg,0.21,1.42,0.2,0.75
ISIC_0010019.jpg,0.18,3.63,0.22,0.71
ISIC_0013908.jpg,0.2,1.28,0.15,0.66
ISIC_0010321.jpg,0.28,1.32,0.18,0.66
ISIC_0014835.jpg,0.18,1.24,0.33,0.65
ISIC_0012086.jpg,0.13,1.18,0.09,0.7
ISIC_0014812.jpg,0.11,1.8,0.29,0.7
ISIC_0013636.jpg,0.13,1.19,0.15,0.67
ISIC_0015160.jpg,0.17,24.68,0.2,0.65
ISIC_0015190.jpg,0.31,2.12,0.24,0.65
ISIC_0015950.jpg,0.24,7.88,0.13,0.63
ISIC_0000105.jpg,0.25,15.45,0.25,0.71
ISIC_0013736.jpg,0.15,1.76,0.08,0.65
ISIC_0014546.jpg,0.08,1.16,0.06,0.7
ISIC_0000152.jpg,0.11,2.57,0.24,0.63
ISIC_0012102.jpg,0.07,1.65,0.09,0.73
ISIC_0014393.jpg,0.09,1.14,0.07,0.62
ISIC_0012551.jpg,0.17,10.68,0.14,0.57
ISIC_0010858.jpg,0.1,1.15,0.11,0.67
ISIC_0009873.jpg,0.23,4.05,0.11,0.77
ISIC_0015960.jpg,0.16,1.18,0.22,0.66
ISIC_0012741.jpg,0.11,1.59,0.18,0.65
ISIC_0014632.jpg,0.23,1.66,0.04,0.7
ISIC_0014623.jpg,0.13,2.08,0.19,0.7
ISIC_0015967.jpg,0.07,1.16,0.17,0.64
ISIC_0000115.jpg,0.16,1.31,0.3,0.73
ISIC_0014599.jpg,0.27,1.98,0.26,0.63
ISIC_0015064.jpg,0.17,39.09,0.22,0.76
ISIC_0012187.jpg,0.19,1.8,0.15,0.68
ISIC_0012097.jpg,0.13,1.7,0.26,0.7
ISIC_0015481.jpg,0.5,26.1,0.26,0.65
ISIC_0012179.jpg,0.61,6.65,0.15,0.67
ISIC_0010070.jpg,0.16,1.22,0.45,0.72
ISIC_0008256.jpg,0.11,1.62,0.15,0.78
ISIC_0002476.jpg,0.1,1.88,0.11,0.73
ISIC_0014423.jpg,0.16,1.15,0.1,0.64
ISIC_0013118.jpg,0.26,1.9,0.2,0.65
ISIC_0016056.jpg,0.27,10.46,0.1,0.68
ISIC_0012685.jpg,0.17,1.63,0.21,0.66
ISIC_0005548.jpg,0.23,3.52,0.16,0.69
ISIC_0010016.jpg,0.27,1.33,0.34,0.67
ISIC_0014846.jpg,0.14,1.75,0.32,0.68
ISIC_0010241.jpg,0.19,2.13,0.12,0.61
ISIC_0000348.jpg,0.3,1.43,0.38,0.62
ISIC_0009201.jpg,0.19,1.23,0.1,0.65
ISIC_0013039.jpg,0.17,1.67,0.2,0.65
ISIC_0014962.jpg,0.15,1.24,0.4,0.72
ISIC_0014336.jpg,0.13,1.15,0.09,0.64
ISIC_0013216.jpg,0.16,7.93,0.11,0.63
ISIC_0009982.jpg,0.17,1.23,0.25,0.68
ISIC_0014923.jpg,0.12,1.71,0.3,0.64
ISIC_0000206.jpg,0.27,4.89,0.41,0.66
ISIC_0000149.jpg,0.07,1.15,0.25,0.65
ISIC_0015631.jpg,0.14,22.13,0.27,0.72
ISIC_0012987.jpg,0.23,1.99,0.1,0.73
ISIC_0009991.jpg,0.34,2.05,0.27,0.67
ISIC_0014680.jpg,0.18,2.02,0.17,0.65
ISIC_0013024.jpg,0.12,1.16,0.15,0.59
ISIC_0010599.jpg,0.31,3.13,0.15,0.6
ISIC_0001103.jpg,0.3,37.56,0.24,0.62
ISIC_0010078.jpg,0.23,1.24,0.37,0.69
ISIC_0010443.jpg,0.11,2.84,0.25,0.66
ISIC_0009874.jpg,0.14,1.37,0.4,0.77
ISIC_0005187.jpg,0.24,19.45,0.14,0.64
ISIC_0014541.jpg,0.07,1.2,0.12,0.66
ISIC_0000388.jpg,0.06,1.14,0.16,0.62
ISIC_0012957.jpg,0.09,1.16,0.09,0.66
ISIC_0000421.jpg,0.18,6.42,0.23,0.56
ISIC_0014940.jpg,0.18,32.33,0.25,0.6
ISIC_0000162.jpg,0.2,1.3,0.26,0.64
ISIC_0000260.jpg,0.2,2.71,0.17,0.62
ISIC_0009083.jpg,0.16,1.36,0.07,0.76
ISIC_0013888.jpg,0.11,1.75,0.13,0.68
ISIC_0013980.jpg,0.24,1.71,0.14,0.69
ISIC_0009901.jpg,0.21,3.43,0.21,0.62
ISIC_0013072.jpg,0.14,1.17,0.14,0.63
ISIC_0000109.jpg,0.35,6.12,0.21,0.63
ISIC_0000038.jpg,0.19,2.34,0.38,0.74
ISIC_0012415.jpg,0.07,1.18,0.2,0.67
ISIC_0000165.jpg,0.35,3.41,0.38,0.71
ISIC_0014596.jpg,0.25,1.8,0.11,0.7
ISIC_0009977.jpg,0.09,1.22,0.23,0.68
ISIC_0000221.jpg,0.09,1.18,0.39,0.64
ISIC_0014927.jpg,0.11,46.12,0.24,0.69
ISIC_0016024.jpg,0.28,1.46,0.13,0.65
ISIC_0012719.jpg,0.21,2.08,0.12,0.61
ISIC_0009758.jpg,0.14,1.21,0.08,0.67
ISIC_0015483.jpg,0.1,1.73,0.28,0.66
ISIC_0008913.jpg,0.11,1.18,0.11,0.65
ISIC_0014431.jpg,0.14,1.58,0.17,0.68
ISIC_0010219.jpg,0.08,1.17,0.12,0.64
ISIC_0012956.jpg,0.14,1.58,0.18,0.68
ISIC_0011306.jpg,0.36,2.39,0.17,0.74
ISIC_0015313.jpg,0.1,1.72,0.32,0.74
ISIC_0014219.jpg,0.27,1.31,0.1,0.69
ISIC_0014308.jpg,0.23,1.82,0.09,0.61
ISIC_0014849.jpg,0.28,2.18,0.26,0.6
ISIC_0010342.jpg,0.19,1.33,0.32,0.74
ISIC_0002353.jpg,0.22,1.2,0.14,0.62
ISIC_0009944.jpg,0.06,1.26,0.29,0.73
ISIC_0000137.jpg,0.27,2.08,0.2,0.71
ISIC_0002093.jpg,0.16,3.38,0.12,0.8
ISIC_0012756.jpg,0.12,1.72,0.14,0.67
ISIC_0013204.jpg,0.25,3.5,0.16,0.68
ISIC_0016059.jpg,0.22,9.35,0.1,0.66
ISIC_0011223.jpg,0.15,1.84,0.19,0.66
ISIC_0003539.jpg,0.23,1.41,0.23,0.74
ISIC_0001213.jpg,0.24,1.83,0.16,0.68
ISIC_0014932.jpg,0.27,157.56,0.42,0.77
ISIC_0014831.jpg,0.14,2.09,0.27,0.73
ISIC_0013596.jpg,0.2,1.32,0.18,0.68
ISIC_0011123.jpg,0.24,2.85,0.22,0.61
ISIC_0013984.jpg,0.13,1.65,0.17,0.67
ISIC_0010574.jpg,0.16,1.34,0.19,0.74
ISIC_0012330.jpg,0.09,1.19,0.19,0.7
ISIC_0013198.jpg,0.35,1.63,0.17,0.65
ISIC_0010565.jpg,0.08,1.16,0.1,0.66
ISIC_0001852.jpg,0.17,1.57,0.23,0.7
ISIC_0015617.jpg,0.09,1.27,0.27,0.8
ISIC_0016057.jpg,0.33,9.14,0.15,0.69
ISIC_0014144.jpg,0.23,1.79,0.1,0.65
ISIC_0014696.jpg,0.11,1.78,0.26,0.69
ISIC_0012360.jpg,0.27,2.03,0.19,0.72
ISIC_0009978.jpg,0.16,1.16,0.22,0.68
ISIC_0014796.jpg,0.13,15.21,0.25,0.69
ISIC_0015395.jpg,0.14,22.86,0.22,0.61
ISIC_0015089.jpg,0.31,1.22,0.41,0.69
ISIC_0000415.jpg,0.54,14.48,0.18,0.84
ISIC_0001374.jpg,0.12,1.26,0.11,0.62
ISIC_0015125.jpg,0.1,27.66,0.45,0.66
ISIC_0011079.jpg,0.22,3.28,0.24,0.81
ISIC_0013073.jpg,0.29,1.25,0.14,0.79
ISIC_0012744.jpg,0.18,1.55,0.14,0.67
ISIC_0012907.jpg,0.15,1.76,0.14,0.63
ISIC_0011139.jpg,0.17,1.38,0.13,0.81
ISIC_0013758.jpg,0.14,1.28,0.11,0.74
ISIC_0012473.jpg,0.37,1.46,0.05,0.68
ISIC_0000275.jpg,0.1,1.29,0.24,0.72
ISIC_0012792.jpg,0.16,1.86,0.29,0.7
ISIC_0013220.jpg,0.25,1.8,0.15,0.67
ISIC_0014470.jpg,0.2,1.77,0.05,0.64
ISIC_0016048.jpg,0.21,8.41,0.09,0.65
ISIC_0012887.jpg,0.25,1.78,0.25,0.65
ISIC_0011177.jpg,0.13,4.08,0.22,0.63
ISIC_0012523.jpg,0.36,7,0.07,0.72
ISIC_0012777.jpg,0.13,1.62,0.25,0.63
ISIC_0009969.jpg,0.2,3.92,0.27,0.61
ISIC_0015355.jpg,0.18,13.52,0.27,0.76
ISIC_0015124.jpg,0.15,1.95,0.36,0.68
ISIC_0000065.jpg,0.16,2.88,0.19,0.77
ISIC_0015171.jpg,0.26,35.77,0.17,0.92
ISIC_0000032.jpg,0.13,1.31,0.16,0.65
ISIC_0000019.jpg,0.15,1.39,0.28,0.64
ISIC_0015229.jpg,0.49,1.3,0.28,0.97
ISIC_0016011.jpg,0.36,11.3,0.08,0.7
ISIC_0013319.jpg,0.24,10.9,0.15,0.67
ISIC_0000205.jpg,0.08,1.2,0.34,0.73
ISIC_0010320.jpg,0.2,1.28,0.2,0.77
ISIC_0010493.jpg,0.14,4.2,0.29,0.68
ISIC_0013310.jpg,0.14,1.14,0.22,0.64
ISIC_0015179.jpg,0.31,47.82,0.29,0.66
ISIC_0012447.jpg,0.1,1.16,0.08,0.65
ISIC_0013472.jpg,0.33,15.84,0.09,0.73
ISIC_0010348.jpg,0.28,1.32,0.22,0.64
ISIC_0014772.jpg,0.1,1.21,0.3,0.66
ISIC_0014585.jpg,0.24,1.76,0.14,0.63
ISIC_0013314.jpg,0.14,1.62,0.17,0.66
ISIC_0014786.jpg,0.05,1.2,0.31,0.69
ISIC_0002246.jpg,0.08,1.22,0.16,0.69
ISIC_0013071.jpg,0.13,1.63,0.04,0.63
ISIC_0009943.jpg,0.15,1.49,0.2,0.77
ISIC_0000028.jpg,0.13,3.72,0.29,0.7
ISIC_0002885.jpg,0.2,1.2,0.16,0.63
ISIC_0012227.jpg,0.11,1.17,0.07,0.63
ISIC_0000525.jpg,0.14,2.85,0.2,0.66
ISIC_0000513.jpg,0.17,1.32,0.2,0.67
ISIC_0010201.jpg,0.24,1.32,0.24,0.69
ISIC_0012127.jpg,0.2,1.27,0.18,0.68
ISIC_0000188.jpg,0.16,1.24,0.18,0.71
ISIC_0000036.jpg,0.21,1.37,0.36,0.65
ISIC_0014818.jpg,0.14,2.08,0.22,0.8
ISIC_0003005.jpg,0.24,1.41,0.15,0.72
ISIC_0010194.jpg,0.15,1.23,0.29,0.7
ISIC_0013141.jpg,0.09,1.15,0.23,0.63
ISIC_0012945.jpg,0.3,2.74,0.1,0.65
ISIC_0000416.jpg,0.26,4.67,0.24,0.7
ISIC_0000117.jpg,0.18,1.19,0.25,0.63
ISIC_0000135.jpg,0.13,2.5,0.34,0.59
ISIC_0012160.jpg,0.3,2.16,0.06,0.7
ISIC_0014640.jpg,0.16,1.8,0.16,0.71
ISIC_0013565.jpg,0.15,1.24,0.12,0.7
ISIC_0010849.jpg,0.1,1.25,0.1,0.71
ISIC_0015360.jpg,0.33,1.75,0.36,0.76
ISIC_0015936.jpg,0.2,12.91,0.1,0.74
ISIC_0000052.jpg,0.08,3.11,0.29,0.67
ISIC_0010851.jpg,0.27,5.57,0.33,0.69
ISIC_0000171.jpg,0.24,1.52,0.35,0.65
ISIC_0013819.jpg,0.19,1.98,0.11,0.65
ISIC_0014901.jpg,0.15,21.84,0.19,0.59
ISIC_0012981.jpg,0.26,8.54,0.17,0.66
ISIC_0014302.jpg,0.29,2.11,0.13,0.68
ISIC_0010476.jpg,0.23,4.81,0.14,0.69
ISIC_0015200.jpg,0.15,2.03,0.35,0.8
ISIC_0010090.jpg,0.2,1.77,0.16,0.61
ISIC_0000210.jpg,0.09,1.16,0.31,0.65
ISIC_0010252.jpg,0.42,1.3,0.18,0.92
ISIC_0010229.jpg,0.11,2.17,0.19,0.73
ISIC_0013434.jpg,0.16,6.73,0.1,0.69
ISIC_0003657.jpg,0.16,1.79,0.11,0.68
ISIC_0000048.jpg,0.2,2.92,0.31,0.68
ISIC_0010341.jpg,0.13,1.34,0.44,0.75
ISIC_0014782.jpg,0.08,1.7,0.23,0.71
ISIC_0010481.jpg,0.13,2.08,0.15,0.67
ISIC_0013325.jpg,0.07,1.16,0.14,0.63
ISIC_0015455.jpg,0.13,1.27,0.4,0.73
ISIC_0011324.jpg,0.17,3,0.18,0.72
ISIC_0014195.jpg,0.16,1.69,0.19,0.66
ISIC_0013167.jpg,0.09,1.74,0.22,0.73
ISIC_0012544.jpg,0.2,1.53,0.23,0.68
ISIC_0015418.jpg,0.09,1.32,0.44,0.74
ISIC_0015258.jpg,0.06,1.25,0.4,0.82
ISIC_0002469.jpg,0.12,2.89,0.15,0.63
ISIC_0002374.jpg,0.23,7.87,0.14,0.66
ISIC_0013983.jpg,0.2,1.86,0.16,0.72
ISIC_0010572.jpg,0.19,1.2,0.24,0.68
ISIC_0014131.jpg,0.08,1.21,0.16,0.68
ISIC_0016004.jpg,0.34,32.06,0.12,0.71
ISIC_0013798.jpg,0.26,1.77,0.18,0.65
ISIC_0015975.jpg,0.1,1.19,0.28,0.67
ISIC_0015401.jpg,0.23,1.89,0.35,0.65
ISIC_0000300.jpg,0.25,1.35,0.29,0.67
ISIC_0000279.jpg,0.14,3.28,0.23,0.7
ISIC_0000276.jpg,0.14,1.76,0.37,0.68
ISIC_0010590.jpg,0.11,1.87,0.23,0.64
ISIC_0011374.jpg,0.13,1.22,0.16,0.79
ISIC_0009297.jpg,0.16,1.15,0.16,0.65
ISIC_0014331.jpg,0.12,1.22,0.1,0.72
ISIC_0014952.jpg,0.11,1.19,0.53,0.65
ISIC_0006350.jpg,0.2,1.29,0.13,0.67
ISIC_0009800.jpg,0.08,1.16,0.22,0.65
ISIC_0015250.jpg,0.22,24.44,0.25,0.66
ISIC_0016069.jpg,0.1,5.57,0.18,0.64
ISIC_0009936.jpg,0.16,1.34,0.23,0.73
ISIC_0000045.jpg,0.09,2.3,0.34,0.64
ISIC_0013207.jpg,0.19,1.24,0.05,0.71
ISIC_0002976.jpg,0.16,4.5,0.14,0.69
ISIC_0011357.jpg,0.1,1.15,0.2,0.67
ISIC_0001216.jpg,0.11,1.21,0.07,0.66
ISIC_0011118.jpg,0.28,3.03,0.12,0.69
ISIC_0000063.jpg,0.18,5.49,0.4,0.7
ISIC_0000049.jpg,0.18,1.16,0.33,0.72
ISIC_0014938.jpg,0.36,45.18,0.34,0.74
ISIC_0000239.jpg,0.14,1.21,0.46,0.65
ISIC_0013918.jpg,0.13,1.64,0.07,0.68
ISIC_0013552.jpg,0.18,4.55,0.08,0.6
ISIC_0013271.jpg,0.34,10.51,0.15,0.64
ISIC_0013232.jpg,0.37,2.11,0.24,0.62
ISIC_0015044.jpg,0.25,1.84,0.21,0.61
ISIC_0013010.jpg,0.12,1.21,0.2,0.64
ISIC_0013492.jpg,0.21,1.78,0.24,0.66
ISIC_0012836.jpg,0.26,9.09,0.13,0.73
ISIC_0010361.jpg,0.11,1.15,0.22,0.62
ISIC_0013996.jpg,0.24,1.23,0.09,0.69
ISIC_0015216.jpg,0.2,1.25,0.31,0.8
ISIC_0010089.jpg,0.12,1.62,0.25,0.66
ISIC_0001212.jpg,0.13,1.21,0.05,0.63
ISIC_0000496.jpg,0.13,2.11,0.25,0.73
ISIC_0012206.jpg,0.25,1.88,0.18,0.61
ISIC_0012506.jpg,0.12,1.65,0.18,0.64
ISIC_0009965.jpg,0.36,1.33,0.16,0.65
ISIC_0000104.jpg,0.1,1.2,0.19,0.66
ISIC_0014187.jpg,0.16,1.31,0.12,0.69
ISIC_0012299.jpg,0.21,1.71,0.09,0.63
ISIC_0013398.jpg,0.31,7.91,0.17,0.69
ISIC_0010604.jpg,0.11,1.24,0.2,0.8
ISIC_0015295.jpg,0.11,1.74,0.25,0.83
ISIC_0000078.jpg,0.26,2.17,0.2,0.66
ISIC_0015312.jpg,0.14,26.09,0.26,0.64
ISIC_0012742.jpg,0.26,1.81,0.19,0.7
ISIC_0013935.jpg,0.22,5.3,0.11,0.62
ISIC_0010435.jpg,0.3,4.78,0.13,0.67
ISIC_0014149.jpg,0.09,1.19,0.07,0.7
ISIC_0010372.jpg,0.31,7.09,0.13,0.62
ISIC_0014633.jpg,0.18,1.63,0.13,0.69
ISIC_0002107.jpg,0.09,1.16,0.23,0.64
ISIC_0011212.jpg,0.19,1.36,0.26,0.83
ISIC_0013405.jpg,0.12,1.68,0.06,0.64
ISIC_0011387.jpg,0.25,2.63,0.18,0.76
ISIC_0015949.jpg,0.15,2.54,0.26,0.67
ISIC_0014094.jpg,0.19,3.31,0.23,0.65
ISIC_0001769.jpg,0.19,2.18,0.13,0.67
ISIC_0015040.jpg,0.19,1.2,0.28,0.67
ISIC_0014174.jpg,0.11,1.59,0.11,0.62
ISIC_0009252.jpg,0.22,2.91,0.24,0.67
ISIC_0014605.jpg,0.42,2.59,0.27,0.76
ISIC_0001140.jpg,0.15,2.59,0.37,0.63
ISIC_0008116.jpg,0.1,1.2,0.08,0.72
ISIC_0013474.jpg,0.4,19.84,0.12,0.63
ISIC_0003174.jpg,0.11,1.16,0.19,0.68
ISIC_0000395.jpg,0.1,1.19,0.16,0.7
ISIC_0013035.jpg,0.12,1.21,0.1,0.69
ISIC_0000259.jpg,0.22,1.16,0.13,0.91
ISIC_0000042.jpg,0.17,1.34,0.33,0.62
ISIC_0009960.jpg,0.26,2.02,0.3,0.67
ISIC_0010180.jpg,0.14,1.2,0.14,0.66
ISIC_0012478.jpg,0.2,1.68,0.08,0.63
ISIC_0013929.jpg,0.27,1.41,0.11,0.76
ISIC_0013054.jpg,0.26,1.8,0.24,0.63
ISIC_0013201.jpg,0.09,1.18,0.05,0.66
ISIC_0013921.jpg,0.25,1.88,0.14,0.74
ISIC_0011115.jpg,0.23,2.34,0.19,0.61
ISIC_0014784.jpg,0.26,14.71,0.19,0.79
ISIC_0013777.jpg,0.19,1.89,0.06,0.75
ISIC_0000494.jpg,0.17,1.29,0.17,0.6
ISIC_0000219.jpg,0.29,1.45,0.33,0.7
ISIC_0000064.jpg,0.17,2.56,0.24,0.62
ISIC_0015957.jpg,0.09,7.76,0.09,0.63
ISIC_0000542.jpg,0.17,3.44,0.18,0.8
ISIC_0014826.jpg,0.09,1.16,0.35,0.65
ISIC_0014805.jpg,0.22,1.79,0.26,0.69
ISIC_0010356.jpg,0.1,1.17,0.23,0.64
ISIC_0014158.jpg,0.11,4.23,0.13,0.64
ISIC_0012840.jpg,0.27,1.92,0.2,0.6
ISIC_0013511.jpg,0.22,1.25,0.11,0.72
ISIC_0010042.jpg,0.12,1.19,0.13,0.68
ISIC_0013840.jpg,0.16,1.2,0.1,0.64
ISIC_0015980.jpg,0.13,7.48,0.22,0.7
ISIC_0012940.jpg,0.13,1.23,0.1,0.74
ISIC_0014440.jpg,0.27,1.54,0.11,0.73
ISIC_0012944.jpg,0.16,1.76,0.09,0.63
ISIC_0008807.jpg,0.16,2.26,0.13,0.69
ISIC_0014791.jpg,0.2,1.57,0.36,0.71
ISIC_0010234.jpg,0.11,1.25,0.43,0.68
ISIC_0012285.jpg,0.23,4.38,0.12,0.61
ISIC_0011385.jpg,0.3,1.34,0.29,0.72
ISIC_0004168.jpg,0.09,1.18,0.12,0.66
ISIC_0014181.jpg,0.17,1.26,0.1,0.74
ISIC_0007693.jpg,0.25,6.34,0.15,0.69
ISIC_0014753.jpg,0.23,18.34,0.2,0.7
ISIC_0010444.jpg,0.25,3.46,0.19,0.64
ISIC_0014572.jpg,0.18,1.74,0.16,0.63
ISIC_0009970.jpg,0.17,1.22,0.19,0.66
ISIC_0015102.jpg,0.1,16.89,0.15,0.74
ISIC_0009939.jpg,0.33,3.31,0.17,0.72
ISIC_0011117.jpg,0.13,1.18,0.08,0.72
ISIC_0000040.jpg,0.23,1.24,0.19,0.64
ISIC_0001275.jpg,0.21,1.31,0.15,0.74
ISIC_0000081.jpg,0.26,4.18,0.12,0.7
ISIC_0015189.jpg,0.15,1.85,0.21,0.62
ISIC_0012281.jpg,0.22,3.96,0.12,0.67
ISIC_0002780.jpg,0.11,1.2,0.12,0.66
ISIC_0013898.jpg,0.15,1.75,0.16,0.71
ISIC_0015243.jpg,0.2,1.89,0.26,0.79
ISIC_0014628.jpg,0.31,2.75,0.09,0.77
ISIC_0010374.jpg,0.18,2.32,0.19,0.71
ISIC_0016042.jpg,0.57,18.67,0.11,0.58
ISIC_0013896.jpg,0.16,1.93,0.17,0.76
ISIC_0002975.jpg,0.12,2.15,0.16,0.61
ISIC_0010055.jpg,0.2,1.31,0.19,0.64
ISIC_0008236.jpg,0.14,2.08,0.08,0.74
ISIC_0000489.jpg,0.35,4.75,0.17,0.73
ISIC_0014171.jpg,0.16,1.5,0.15,0.76
ISIC_0012877.jpg,0.12,1.21,0.07,0.61
ISIC_0012381.jpg,0.17,1.3,0.13,0.71
ISIC_0012442.jpg,0.09,1.67,0.19,0.63
ISIC_0012384.jpg,0.11,1.71,0.12,0.68
ISIC_0014337.jpg,0.33,2.44,0.09,0.71
ISIC_0012708.jpg,0.28,9.17,0.18,0.67
ISIC_0013086.jpg,0.08,1.64,0.2,0.64
ISIC_0000377.jpg,0.26,9.64,0.3,0.62
ISIC_0013208.jpg,0.22,1.85,0.06,0.59
ISIC_0015582.jpg,0.14,19.13,0.4,0.69
ISIC_0015331.jpg,0.32,100.45,0.35,0.63
ISIC_0014925.jpg,0.18,1.65,0.23,0.71
ISIC_0013429.jpg,0.12,1.85,0.13,0.58
ISIC_0000458.jpg,0.17,1.26,0.2,0.7
ISIC_0015482.jpg,0.25,54.12,0.21,0.62
ISIC_0009972.jpg,0.12,1.2,0.26,0.66
ISIC_0013365.jpg,0.08,1.63,0.08,0.61
ISIC_0013473.jpg,0.36,1.21,0.14,0.8
ISIC_0009877.jpg,0.15,3.42,0.21,0.66
ISIC_0014961.jpg,0.29,39.97,0.21,0.67
ISIC_0013808.jpg,0.16,9.17,0.18,0.69
ISIC_0014910.jpg,0.2,55,0.27,0.67
ISIC_0014535.jpg,0.12,1.56,0.05,0.66
ISIC_0010364.jpg,0.16,2.99,0.19,0.74
ISIC_0009915.jpg,0.07,1.2,0.23,0.68
ISIC_0010044.jpg,0.07,1.13,0.2,0.62
ISIC_0013192.jpg,0.19,1.58,0.19,0.63
ISIC_0012661.jpg,0.07,1.21,0.11,0.69
ISIC_0015310.jpg,0.21,56.04,0.27,0.66
ISIC_0014908.jpg,0.24,1.29,0.41,0.69
ISIC_0010498.jpg,0.07,1.14,0.35,0.62
ISIC_0011329.jpg,0.09,1.3,0.27,0.79
ISIC_0000218.jpg,0.1,1.26,0.4,0.71
ISIC_0003346.jpg,0.16,7.08,0.1,0.69
ISIC_0000368.jpg,0.1,1.29,0.27,0.68
ISIC_0000220.jpg,0.17,1.38,0.4,0.66
ISIC_0014169.jpg,0.11,1.19,0.1,0.6
ISIC_0000047.jpg,0.2,2.18,0.36,0.68
ISIC_0015051.jpg,0.44,71.95,0.28,0.64
ISIC_0012207.jpg,0.1,1.17,0.1,0.6
ISIC_0000209.jpg,0.15,1.25,0.29,0.66
ISIC_0000247.jpg,0.12,1.16,0.15,0.63
ISIC_0012191.jpg,0.08,1.23,0.2,0.7
ISIC_0010458.jpg,0.15,2.66,0.09,0.67
ISIC_0012670.jpg,0.21,5.62,0.07,0.58
ISIC_0015952.jpg,0.42,15.05,0.15,0.61
ISIC_0013321.jpg,0.44,1.26,0.25,0.77
ISIC_0014454.jpg,0.1,1.2,0.07,0.71
ISIC_0013417.jpg,0.11,1.52,0.15,0.69
ISIC_0000410.jpg,0.61,6.05,0.16,0.69
ISIC_0000103.jpg,0.12,1.27,0.34,0.65
ISIC_0013196.jpg,0.1,1.17,0.19,0.65
ISIC_0016036.jpg,0.16,1.22,0.07,0.69
ISIC_0011398.jpg,0.16,1.2,0.29,0.69
ISIC_0006711.jpg,0.07,1.17,0.29,0.68
ISIC_0000004.jpg,0.13,1.2,0.27,0.67
ISIC_0012147.jpg,0.35,26.68,0.16,0.58
ISIC_0000281.jpg,0.1,1.32,0.29,0.66
ISIC_0012118.jpg,0.15,1.72,0.19,0.67
ISIC_0012966.jpg,0.17,2.78,0.12,0.69
ISIC_0011353.jpg,0.13,2.55,0.21,0.68
ISIC_0012469.jpg,0.23,1.31,0.06,0.58
ISIC_0012434.jpg,0.08,1.59,0.16,0.69
ISIC_0000157.jpg,0.13,1.3,0.31,0.6
ISIC_0000463.jpg,0.1,1.2,0.31,0.67
ISIC_0011156.jpg,0.17,1.31,0.29,0.76
ISIC_0014554.jpg,0.22,1.77,0.06,0.66
ISIC_0001102.jpg,0.23,2.96,0.26,0.69
ISIC_0000301.jpg,0.28,1.26,0.17,0.8
ISIC_0014093.jpg,0.19,1.73,0.18,0.65
ISIC_0014270.jpg,0.1,1.17,0.08,0.66
ISIC_0012356.jpg,0.79,56.02,0.07,0.85
ISIC_0014815.jpg,0.25,47.79,0.29,0.68
ISIC_0000299.jpg,0.09,1.19,0.23,0.71
ISIC_0014581.jpg,0.17,1.39,0.17,0.78
ISIC_0012905.jpg,0.08,1.63,0.24,0.73
ISIC_0013708.jpg,0.53,1.32,0.11,0.86
ISIC_0013304.jpg,0.09,1.14,0.06,0.63
ISIC_0013341.jpg,0.17,1.18,0.22,0.63
ISIC_0000324.jpg,0.13,1.18,0.21,0.61
ISIC_0010475.jpg,0.26,4.06,0.12,0.66
ISIC_0014947.jpg,0.15,11.31,0.23,0.64
ISIC_0011155.jpg,0.18,1.33,0.2,0.69
ISIC_0000529.jpg,0.22,3.1,0.21,0.73
ISIC_0011129.jpg,0.19,3.01,0.14,0.69
ISIC_0000278.jpg,0.18,1.19,0.13,0.7
ISIC_0015991.jpg,0.2,22.03,0.26,0.76
ISIC_0001184.jpg,0.16,1.18,0.06,0.67
ISIC_0001152.jpg,0.33,1.89,0.27,0.85
ISIC_0014500.jpg,0.12,1.15,0.06,0.63
ISIC_0000487.jpg,0.29,1.28,0.15,0.66
ISIC_0001427.jpg,0.17,2.78,0.09,0.62
ISIC_0012448.jpg,0.12,1.25,0.09,0.7
ISIC_0000448.jpg,0.13,1.35,0.23,0.67
ISIC_0011082.jpg,0.32,2.77,0.28,0.71
ISIC_0007241.jpg,0.11,1.18,0.21,0.7
ISIC_0014661.jpg,0.07,1.68,0.19,0.69
ISIC_0012210.jpg,0.27,2.42,0.05,0.66
ISIC_0000364.jpg,0.16,1.48,0.24,0.65
ISIC_0010441.jpg,0.09,1.14,0.15,0.65
ISIC_0000177.jpg,0.16,1.24,0.27,0.69
ISIC_0014783.jpg,0.13,2.02,0.19,0.73
ISIC_0014637.jpg,0.19,1.22,0.21,0.62
ISIC_0001267.jpg,0.27,4.76,0.16,0.66
ISIC_0013489.jpg,0.17,1.82,0.18,0.67
ISIC_0014963.jpg,0.12,23.73,0.22,0.79
ISIC_0013554.jpg,0.18,1.56,0.14,0.68
ISIC_0013549.jpg,0.1,1.21,0.21,0.67
ISIC_0000071.jpg,0.18,1.76,0.11,0.7
ISIC_0010005.jpg,0.14,1.43,0.29,0.83
ISIC_0013911.jpg,0.29,9.63,0.1,0.59
ISIC_0000169.jpg,0.32,1.66,0.22,0.62
ISIC_0013501.jpg,0.15,1.24,0.15,0.68
ISIC_0015158.jpg,0.29,1.65,0.29,0.62
ISIC_0010347.jpg,0.22,1.46,0.21,0.72
ISIC_0011127.jpg,0.28,4.2,0.32,0.65
ISIC_0012151.jpg,0.19,1.81,0.15,0.7
ISIC_0005247.jpg,0.24,1.29,0.12,0.69
ISIC_0000268.jpg,0.07,1.25,0.14,0.78
ISIC_0013121.jpg,0.18,1.9,0.17,0.63
ISIC_0000001.jpg,0.15,2.66,0.22,0.62
ISIC_0015132.jpg,0.13,1.2,0.34,0.68
ISIC_0012705.jpg,0.65,9.67,0.2,0.61
ISIC_0000535.jpg,0.19,2.78,0.25,0.68
ISIC_0012333.jpg,0.33,1.94,0.2,0.68
ISIC_0000477.jpg,0.15,1.18,0.15,0.68
ISIC_0008600.jpg,0.14,2.34,0.14,0.74
ISIC_0012548.jpg,0.06,1.14,0.18,0.6
ISIC_0012335.jpg,0.2,1.76,0.16,0.67
ISIC_0010174.jpg,0.22,1.21,0.22,0.61
ISIC_0012989.jpg,0.15,1.17,0.27,0.69
ISIC_0012965.jpg,0.14,1.68,0.33,0.62
ISIC_0000372.jpg,0.19,1.22,0.25,0.7
ISIC_0000003.jpg,0.23,2.04,0.27,0.61
ISIC_0014806.jpg,0.12,1.89,0.27,0.67
ISIC_0000264.jpg,0.18,1.34,0.26,0.69
ISIC_0013493.jpg,0.43,18.11,0.13,0.67
ISIC_0013987.jpg,0.09,1.16,0.11,0.61
ISIC_0000407.jpg,0.17,1.58,0.13,0.7
ISIC_0012232.jpg,0.25,1.66,0.16,0.72
ISIC_0012950.jpg,0.1,1.62,0.14,0.66
ISIC_0012737.jpg,0.13,1.59,0.13,0.66
ISIC_0000396.jpg,0.14,1.16,0.2,0.65
ISIC_0014583.jpg,0.1,4.92,0.15,0.64
ISIC_0010022.jpg,0.11,1.37,0.3,0.82
ISIC_0010439.jpg,0.25,1.77,0.26,0.65
ISIC_0000201.jpg,0.11,1.23,0.35,0.66
ISIC_0013997.jpg,0.17,1.72,0.12,0.65
ISIC_0013663.jpg,0.42,2.78,0.09,0.69
ISIC_0012526.jpg,0.13,1.74,0.1,0.65
ISIC_0015298.jpg,0.11,16.46,0.41,0.65
ISIC_0000133.jpg,0.14,1.17,0.21,0.64
ISIC_0000474.jpg,0.21,6.68,0.24,0.72
ISIC_0014076.jpg,0.17,1.89,0.11,0.72
ISIC_0015208.jpg,0.19,17.33,0.31,0.63
ISIC_0014395.jpg,0.25,1.94,0.08,0.63
ISIC_0014855.jpg,0.27,2.19,0.23,0.73
ISIC_0009932.jpg,0.32,3.27,0.26,0.79
ISIC_0011296.jpg,0.37,4.62,0.14,0.66
ISIC_0000365.jpg,0.09,1.18,0.28,0.57
ISIC_0014317.jpg,0.17,1.81,0.16,0.69
ISIC_0000316.jpg,0.1,1.23,0.21,0.73
ISIC_0013816.jpg,0.08,1.27,0.12,0.66
ISIC_0014966.jpg,0.27,97.08,0.31,0.71
ISIC_0001247.jpg,0.09,1.25,0.14,0.67
ISIC_0000548.jpg,0.35,3.58,0.12,0.66
ISIC_0014825.jpg,0.11,1.82,0.29,0.67
ISIC_0009998.jpg,0.08,1.15,0.42,0.6
ISIC_0000170.jpg,0.26,1.37,0.37,0.74
ISIC_0009945.jpg,0.2,1.21,0.16,0.67
ISIC_0013172.jpg,0.12,1.85,0.21,0.74
ISIC_0000509.jpg,0.16,3.53,0.15,0.74
ISIC_0000007.jpg,0.1,1.68,0.21,0.67
ISIC_0000214.jpg,0.42,1.87,0.4,0.77
ISIC_0015150.jpg,0.32,58.81,0.31,0.7
ISIC_0016050.jpg,0.21,6.36,0.21,0.66
ISIC_0014099.jpg,0.37,18.78,0.12,0.69
ISIC_0000236.jpg,0.11,2.18,0.31,0.69
ISIC_0009925.jpg,0.16,1.19,0.24,0.66
ISIC_0001163.jpg,0.2,2.4,0.09,0.6
ISIC_0013639.jpg,0.22,1.81,0.21,0.63
ISIC_0014511.jpg,0.15,1.26,0.15,0.74
ISIC_0011104.jpg,0.11,1.27,0.26,0.73
ISIC_0012660.jpg,0.2,2,0.2,0.7
ISIC_0010576.jpg,0.32,5.53,0.24,0.76
ISIC_0013494.jpg,0.12,1.85,0.11,0.71
ISIC_0003056.jpg,0.15,1.31,0.22,0.69
ISIC_0010357.jpg,0.17,1.2,0.23,0.63
ISIC_0006612.jpg,0.09,1.17,0.13,0.64
ISIC_0000476.jpg,0.31,7.2,0.27,0.89
ISIC_0015964.jpg,0.06,1.15,0.26,0.65
ISIC_0015330.jpg,0.21,36.72,0.3,0.61
ISIC_0013670.jpg,0.19,3.88,0.22,0.67
ISIC_0014190.jpg,0.96,29.17,0.07,0.7
ISIC_0012844.jpg,0.25,1.98,0.18,0.7
ISIC_0010034.jpg,0.19,2.59,0.21,0.63
ISIC_0000466.jpg,0.2,5.23,0.23,0.79
ISIC_0015357.jpg,0.11,1.16,0.29,0.62
ISIC_0000096.jpg,0.15,1.26,0.2,0.65
ISIC_0013457.jpg,0.07,1.13,0.16,0.64
ISIC_0015233.jpg,0.21,1.26,0.33,0.68
ISIC_0014829.jpg,0.23,1.84,0.22,0.68
ISIC_0000545.jpg,0.11,1.24,0.26,0.76
ISIC_0012233.jpg,0.1,1.52,0.09,0.66
ISIC_0012672.jpg,0.15,1.8,0.16,0.75
ISIC_0000366.jpg,0.2,6.13,0.29,0.62
ISIC_0010567.jpg,0.19,3.75,0.26,0.65
ISIC_0013248.jpg,0.13,1.65,0.24,0.6
ISIC_0013397.jpg,0.1,1.16,0.17,0.62
ISIC_0015944.jpg,0.3,16.43,0.13,0.61
ISIC_0014726.jpg,0.24,1.57,0.22,0.72
ISIC_0012674.jpg,0.16,1.94,0.13,0.69
ISIC_0014745.jpg,0.24,1.8,0.31,0.67
ISIC_0013045.jpg,0.28,7.23,0.17,0.7
ISIC_0013527.jpg,0.21,1.38,0.18,0.73
ISIC_0000352.jpg,0.14,1.2,0.25,0.67
ISIC_0010074.jpg,0.23,1.26,0.21,0.67
ISIC_0014273.jpg,0.23,1.95,0.06,0.61
ISIC_0015035.jpg,0.25,8.96,0.34,0.69
ISIC_0000222.jpg,0.15,2.93,0.27,0.67
ISIC_0009953.jpg,0.2,1.34,0.3,0.74
ISIC_0000340.jpg,0.15,1.22,0.27,0.66
ISIC_0000107.jpg,0.29,4.09,0.28,0.68
ISIC_0000242.jpg,0.22,4.04,0.24,0.75
ISIC_0000176.jpg,0.15,4.11,0.24,0.69
ISIC_0009533.jpg,0.25,4.89,0.11,0.71
ISIC_0011220.jpg,0.34,4.89,0.23,0.59
ISIC_0014635.jpg,0.18,1.4,0.09,0.73
ISIC_0010028.jpg,0.15,2.2,0.2,0.64
ISIC_0009955.jpg,0.36,1.39,0.23,0.64
ISIC_0009899.jpg,0.13,1.26,0.09,0.7
ISIC_0014928.jpg,0.15,32.28,0.28,0.68
ISIC_0001100.jpg,0.25,1.36,0.32,0.69
ISIC_0012351.jpg,0.35,1.81,0.18,0.6
ISIC_0010336.jpg,0.23,1.31,0.28,0.63
ISIC_0012814.jpg,0.21,1.8,0.1,0.73
ISIC_0000231.jpg,0.09,2.67,0.24,0.69
ISIC_0000034.jpg,0.14,3.36,0.21,0.71
ISIC_0011090.jpg,0.04,1.2,0.14,0.7
ISIC_0010483.jpg,0.36,4.11,0.26,0.66
ISIC_0012704.jpg,0.12,1.66,0.07,0.62
ISIC_0014434.jpg,0.13,1.19,0.07,0.66
ISIC_0014677.jpg,0.13,1.21,0.21,0.66
ISIC_0000532.jpg,0.2,2.69,0.33,0.75
ISIC_0000326.jpg,0.28,1.42,0.26,0.64
ISIC_0009909.jpg,0.09,1.21,0.19,0.66
ISIC_0010598.jpg,0.14,1.99,0.21,0.61
ISIC_0014028.jpg,0.15,1.74,0.22,0.75
ISIC_0014108.jpg,0.35,1.46,0.13,0.67
ISIC_0015411.jpg,0.11,15.16,0.33,0.61
ISIC_0000035.jpg,0.11,2.43,0.17,0.66
ISIC_0013226.jpg,0.28,16.06,0.09,0.72
ISIC_0014739.jpg,0.21,2.26,0.37,0.67
ISIC_0000129.jpg,0.14,3.92,0.25,0.69
ISIC_0012806.jpg,0.12,1.15,0.07,0.66
ISIC_0013012.jpg,0.4,1.93,0.13,0.66
ISIC_0014746.jpg,0.1,15.26,0.25,0.7
ISIC_0013807.jpg,0.13,1.57,0.12,0.67
ISIC_0000018.jpg,0.16,3.4,0.18,0.7
ISIC_0015244.jpg,0.24,55.82,0.21,0.73
ISIC_0012883.jpg,0.1,1.62,0.14,0.65
ISIC_0013500.jpg,0.19,1.83,0.14,0.72
ISIC_0012260.jpg,0.15,1.75,0.14,0.65
ISIC_0010009.jpg,0.27,2.17,0.23,0.68
ISIC_0012517.jpg,0.14,1.21,0.08,0.64
ISIC_0011292.jpg,0.31,3.49,0.33,0.68
ISIC_0014911.jpg,0.06,1.17,0.37,0.64
ISIC_0000255.jpg,0.11,2.26,0.18,0.7
ISIC_0000327.jpg,0.13,1.23,0.29,0.66
ISIC_0012681.jpg,0.13,1.63,0.32,0.69
ISIC_0000261.jpg,0.1,1.5,0.18,0.61
ISIC_0010850.jpg,0.09,1.16,0.19,0.64
ISIC_0014788.jpg,0.33,9.91,0.27,0.7
ISIC_0012702.jpg,0.14,1.18,0.14,0.65
ISIC_0015945.jpg,0.23,7.55,0.16,0.74
ISIC_0012450.jpg,0.14,1.76,0.12,0.77
ISIC_0010367.jpg,0.13,1.17,0.27,0.63
ISIC_0013775.jpg,0.09,1.66,0.18,0.64
ISIC_0015953.jpg,0.22,1.32,0.17,0.67
ISIC_0010003.jpg,0.2,1.79,0.29,0.69
ISIC_0016045.jpg,0.15,5.89,0.19,0.66
ISIC_0011084.jpg,0.2,1.25,0.14,0.66
ISIC_0012224.jpg,0.06,1.19,0.09,0.62
ISIC_0014869.jpg,0.18,2.09,0.27,0.62
ISIC_0014366.jpg,0.32,2.24,0.13,0.72
ISIC_0009928.jpg,0.16,1.18,0.22,0.68
ISIC_0014129.jpg,0.06,1.13,0.09,0.6
ISIC_0014547.jpg,0.11,1.17,0.09,0.69
ISIC_0012406.jpg,0.16,1.8,0.11,0.62
ISIC_0009884.jpg,0.23,2.11,0.24,0.61
ISIC_0010581.jpg,0.35,3.7,0.14,0.69
ISIC_0015082.jpg,0.28,1.98,0.22,0.76
ISIC_0010032.jpg,0.26,3.51,0.22,0.72
ISIC_0001118.jpg,0.22,1.41,0.29,0.8
ISIC_0011294.jpg,0.39,4.43,0.25,0.73
ISIC_0012148.jpg,0.23,2.28,0.18,0.72
ISIC_0000163.jpg,0.3,1.39,0.46,0.7
ISIC_0012739.jpg,0.17,1.53,0.19,0.65
ISIC_0013831.jpg,0.17,1.73,0.22,0.74
ISIC_0010571.jpg,0.12,2.33,0.23,0.62
ISIC_0001449.jpg,0.27,2.77,0.17,0.65
ISIC_0013867.jpg,0.14,1.18,0.07,0.7
ISIC_0000427.jpg,0.27,2.75,0.32,0.61
ISIC_0009891.jpg,0.16,2.23,0.16,0.77
ISIC_0001119.jpg,0.16,1.39,0.27,0.78
ISIC_0010860.jpg,0.15,2.23,0.23,0.68
ISIC_0009910.jpg,0.13,1.52,0.36,0.84
ISIC_0011124.jpg,0.29,2.66,0.19,0.66
ISIC_0011159.jpg,0.12,1.23,0.25,0.78
ISIC_0010339.jpg,0.32,2.91,0.3,0.72
ISIC_0011176.jpg,0.19,2.93,0.33,0.59
ISIC_0014601.jpg,0.14,1.21,0.17,0.7
ISIC_0010066.jpg,0.18,2.85,0.24,0.69
ISIC_0015468.jpg,0.35,56.37,0.28,0.62
ISIC_0012549.jpg,0.26,1.79,0.16,0.67
ISIC_0012134.jpg,0.34,1.22,0.09,0.79
ISIC_0013437.jpg,0.16,1.88,0.08,0.66
ISIC_0000234.jpg,0.09,1.16,0.29,0.64
ISIC_0013588.jpg,0.18,1.26,0.14,0.66
ISIC_0011363.jpg,0.08,1.23,0.3,0.74
ISIC_0012257.jpg,0.25,2.03,0.14,0.61
ISIC_0013680.jpg,0.07,1.17,0.05,0.66
ISIC_0000024.jpg,0.11,1.19,0.1,0.56
ISIC_0013065.jpg,0.23,4.87,0.16,0.69
ISIC_0013561.jpg,0.15,1.24,0.12,0.7
ISIC_0010322.jpg,0.35,1.35,0.16,0.7
ISIC_0014883.jpg,0.28,16.23,0.4,0.78
ISIC_0011107.jpg,0.16,1.23,0.29,0.69
ISIC_0010173.jpg,0.09,1.19,0.17,0.66
ISIC_0014975.jpg,0.12,1.53,0.19,0.71
ISIC_0012852.jpg,0.08,1.14,0.07,0.61
ISIC_0000246.jpg,0.23,3.55,0.14,0.65
ISIC_0000102.jpg,0.14,1.22,0.17,0.64
ISIC_0013737.jpg,0.13,1.63,0.14,0.66
ISIC_0013326.jpg,0.14,1.17,0.12,0.65
ISIC_0015224.jpg,0.26,1.24,0.25,0.77
ISIC_0015568.jpg,0.15,1.23,0.37,0.68
ISIC_0000426.jpg,0.24,1.51,0.39,0.85
ISIC_0000181.jpg,0.11,1.18,0.3,0.68
ISIC_0013233.jpg,0.4,4.08,0.17,0.68
ISIC_0015046.jpg,0.41,29.46,0.26,0.65
ISIC_0000397.jpg,0.41,1.54,0.19,0.6
ISIC_0011170.jpg,0.17,1.41,0.32,0.75
ISIC_0000156.jpg,0.22,1.47,0.3,0.77
ISIC_0013696.jpg,0.09,1.14,0.26,0.64
ISIC_0015983.jpg,0.72,32.45,0.09,0.77
ISIC_0009298.jpg,0.09,1.18,0.16,0.65
ISIC_0000306.jpg,0.2,6.07,0.14,0.62
ISIC_0000297.jpg,0.08,1.14,0.3,0.61
ISIC_0010496.jpg,0.3,3.6,0.16,0.65
ISIC_0010606.jpg,0.15,2.37,0.3,0.71
ISIC_0008626.jpg,0.19,12.38,0.14,0.71
ISIC_0012789.jpg,0.31,8.62,0.1,0.68
ISIC_0000423.jpg,0.11,2.31,0.21,0.66
ISIC_0001186.jpg,0.21,1.59,0.12,0.63
ISIC_0014430.jpg,0.16,1.88,0.18,0.64
ISIC_0014951.jpg,0.36,1.87,0.26,0.67
ISIC_0013767.jpg,0.07,1.22,0.12,0.67
ISIC_0016051.jpg,0.1,5.17,0.18,0.64
ISIC_0010249.jpg,0.08,1.26,0.22,0.72
ISIC_0011219.jpg,0.12,2.28,0.31,0.69
ISIC_0014365.jpg,0.12,1.81,0.12,0.72
ISIC_0000060.jpg,0.08,1.12,0.31,0.65
ISIC_0011169.jpg,0.14,1.32,0.33,0.72
ISIC_0010257.jpg,0.07,1.19,0.16,0.66
ISIC_0007141.jpg,0.06,1.17,0.2,0.65
ISIC_0014891.jpg,0.12,1.92,0.33,0.72
ISIC_0014419.jpg,0.12,1.26,0.07,0.69
ISIC_0008029.jpg,0.15,1.21,0.2,0.66
ISIC_0000360.jpg,0.1,1.18,0.19,0.61
ISIC_0010247.jpg,0.4,4.26,0.25,0.65
ISIC_0013104.jpg,0.17,2.16,0.15,0.71
ISIC_0001306.jpg,0.11,1.17,0.08,0.63
ISIC_0014685.jpg,0.14,1.63,0.33,0.7
ISIC_0013499.jpg,0.19,1.91,0.14,0.64
ISIC_0000134.jpg,0.14,1.31,0.28,0.73
ISIC_0010477.jpg,0.36,1.31,0.17,0.75
ISIC_0013797.jpg,0.26,1.92,0.18,0.59
ISIC_0011130.jpg,0.38,4.4,0.12,0.71
ISIC_0012665.jpg,0.12,1.74,0.15,0.7
ISIC_0012539.jpg,0.13,1.66,0.1,0.66
ISIC_0000418.jpg,0.2,1.64,0.21,0.76
ISIC_0010222.jpg,0.19,1.26,0.21,0.82
ISIC_0013618.jpg,0.3,28.35,0.08,0.72
ISIC_0015003.jpg,0.35,1.45,0.35,0.73
ISIC_0000391.jpg,0.08,1.15,0.13,0.62
ISIC_0013330.jpg,0.26,1.82,0.17,0.6
ISIC_0012445.jpg,0.28,4.07,0.17,0.64
ISIC_0000249.jpg,0.16,2.13,0.13,0.69
ISIC_0015987.jpg,0.3,26.86,0.14,0.71
ISIC_0013553.jpg,0.23,1.83,0.15,0.64
ISIC_0012758.jpg,0.16,2.85,0.36,0.68
ISIC_0015641.jpg,0.13,6.54,0.17,0.63
ISIC_0008347.jpg,0.1,1.35,0.05,0.74
ISIC_0012246.jpg,0.09,1.62,0.11,0.62
ISIC_0009919.jpg,0.2,1.4,0.29,0.7
ISIC_0009881.jpg,0.22,2.3,0.23,0.63
ISIC_0012143.jpg,0.27,1.99,0.12,0.6
ISIC_0013634.jpg,0.08,1.16,0.13,0.64
ISIC_0000552.jpg,0.19,2.49,0.28,0.63
ISIC_0014987.jpg,0.23,2.15,0.22,0.57
ISIC_0012259.jpg,0.29,1.94,0.12,0.65
ISIC_0013217.jpg,0.24,3.57,0.18,0.63
ISIC_0014749.jpg,0.19,19.41,0.27,0.68
ISIC_0013360.jpg,0.09,1.16,0.07,0.63
ISIC_0010566.jpg,0.14,1.19,0.26,0.64
ISIC_0000054.jpg,0.21,3.02,0.2,0.62
ISIC_0014502.jpg,0.26,1.95,0.09,0.62
ISIC_0001423.jpg,0.15,1.21,0.09,0.65
ISIC_0012342.jpg,0.31,1.4,0.09,0.64
ISIC_0013580.jpg,0.17,1.57,0.11,0.65
ISIC_0014664.jpg,0.08,1.16,0.23,0.64
ISIC_0015544.jpg,0.2,21.04,0.21,0.81
ISIC_0007475.jpg,0.08,1.26,0.11,0.72
ISIC_0012135.jpg,0.16,4.31,0.16,0.65
ISIC_0010202.jpg,0.23,1.75,0.19,0.72
ISIC_0012518.jpg,0.11,1.37,0.06,0.74
ISIC_0012511.jpg,0.17,1.7,0.2,0.75
ISIC_0010474.jpg,0.16,2.45,0.26,0.72
ISIC_0013432.jpg,0.21,1.68,0.2,0.71
ISIC_0012671.jpg,0.27,7.35,0.16,0.67
ISIC_0000543.jpg,0.11,1.87,0.17,0.62
ISIC_0010255.jpg,0.2,1.41,0.24,0.64
ISIC_0000199.jpg,0.08,2.55,0.29,0.64
ISIC_0000263.jpg,0.22,2.17,0.48,0.64
ISIC_0016027.jpg,0.31,13.11,0.1,0.67
ISIC_0013488.jpg,0.14,1.15,0.19,0.61
ISIC_0015167.jpg,0.19,69.05,0.32,0.61
ISIC_0000046.jpg,0.2,3.21,0.15,0.7
ISIC_0012722.jpg,0.22,8.73,0.16,0.62
ISIC_0012332.jpg,0.12,1.64,0.19,0.64
ISIC_0011157.jpg,0.17,2.11,0.27,0.62
ISIC_0006815.jpg,0.29,8.81,0.07,0.58
ISIC_0010057.jpg,0.09,1.2,0.13,0.59
ISIC_0016058.jpg,0.18,1.27,0.09,0.7
ISIC_0013428.jpg,0.24,1.97,0.09,0.68
ISIC_0015176.jpg,0.21,1.17,0.31,0.66
ISIC_0015965.jpg,0.21,7.23,0.22,0.7
ISIC_0000556.jpg,0.2,3.6,0.18,0.7
ISIC_0013684.jpg,0.2,1.18,0.1,0.65
ISIC_0000460.jpg,0.15,3.5,0.2,0.73
ISIC_0015163.jpg,0.16,1.29,0.35,0.75
ISIC_0012261.jpg,0.11,1.2,0.06,0.68
ISIC_0014844.jpg,0.2,34.35,0.26,0.68
ISIC_0016065.jpg,0.28,16,0.15,0.63
ISIC_0005620.jpg,0.18,1.19,0.17,0.66
ISIC_0014992.jpg,0.09,16.89,0.23,0.65
ISIC_0012329.jpg,0.1,1.24,0.09,0.66
ISIC_0013804.jpg,0.16,1.61,0.15,0.67
ISIC_0016072.jpg,0.15,1.17,0.07,0.63
ISIC_0013213.jpg,0.18,1.87,0.1,0.62
ISIC_0000370.jpg,0.14,1.15,0.32,0.67
ISIC_0014284.jpg,0.26,12.2,0.15,0.63
ISIC_0013166.jpg,0.15,1.85,0.22,0.63
ISIC_0015078.jpg,0.17,1.22,0.24,0.68
ISIC_0011338.jpg,0.24,1.28,0.14,0.71
ISIC_0013839.jpg,0.14,1.58,0.17,0.71
ISIC_0008294.jpg,0.25,1.3,0.08,0.72
ISIC_0010595.jpg,0.2,1.23,0.26,0.69
ISIC_0000999.jpg,0.27,11.18,0.17,0.63
ISIC_0013925.jpg,0.12,1.18,0.26,0.67
ISIC_0000550.jpg,0.15,3.24,0.25,0.71
ISIC_0012201.jpg,0.14,1.83,0.19,0.64
ISIC_0003462.jpg,0.08,1.19,0.2,0.68
ISIC_0010054.jpg,0.12,1.29,0.12,0.7
ISIC_0014667.jpg,0.09,1.75,0.13,0.59
ISIC_0015149.jpg,0.3,47.41,0.28,0.66
ISIC_0005000.jpg,0.11,5.09,0.13,0.66
ISIC_0010021.jpg,0.18,1.18,0.33,0.69
ISIC_0000547.jpg,0.32,1.5,0.15,0.7
ISIC_0012932.jpg,0.16,1.48,0.09,0.75
ISIC_0013242.jpg,0.18,1.2,0.2,0.66
ISIC_0000527.jpg,0.16,1.58,0.25,0.67
ISIC_0015951.jpg,0.26,7.85,0.2,0.66
ISIC_0009929.jpg,0.13,1.73,0.31,0.71
ISIC_0013090.jpg,0.2,1.78,0.14,0.63
ISIC_0014221.jpg,0.1,1.21,0.14,0.69
ISIC_0012682.jpg,0.11,1.64,0.25,0.69
ISIC_0014890.jpg,0.11,1.72,0.23,0.63
ISIC_0009980.jpg,0.27,1.18,0.26,0.78
ISIC_0012221.jpg,0.1,1.54,0.17,0.62
ISIC_0013568.jpg,0.22,1.91,0.25,0.68
ISIC_0012697.jpg,0.12,1.61,0.12,0.73
ISIC_0012282.jpg,0.21,1.82,0.04,0.68
ISIC_0015113.jpg,0.12,1.69,0.23,0.61
ISIC_0014898.jpg,0.14,1.94,0.27,0.69
ISIC_0000465.jpg,0.14,2.66,0.15,0.68
ISIC_0009930.jpg,0.17,2.29,0.26,0.75
ISIC_0012204.jpg,0.26,1.31,0.1,0.6
ISIC_0010455.jpg,0.1,1.33,0.24,0.81
ISIC_0010191.jpg,0.29,1.68,0.22,0.8
ISIC_0013461.jpg,0.04,1.18,0.08,0.65
ISIC_0014410.jpg,0.21,1.88,0.15,0.7
ISIC_0013335.jpg,0.16,1.9,0.1,0.61
ISIC_0013124.jpg,0.08,1.18,0.13,0.58
ISIC_0000390.jpg,0.16,1.33,0.39,0.76
ISIC_0014290.jpg,0.09,1.63,0.15,0.61
ISIC_0015614.jpg,0.5,53.03,0.22,0.7
ISIC_0013160.jpg,0.24,1.27,0.14,0.62
ISIC_0016015.jpg,0.14,1.16,0.19,0.63
ISIC_0010081.jpg,0.15,1.17,0.17,0.67
ISIC_0010240.jpg,0.33,6.16,0.14,0.64
ISIC_0013294.jpg,0.18,1.8,0.22,0.7
ISIC_0010002.jpg,0.08,1.18,0.11,0.67
ISIC_0015436.jpg,0.08,1.28,0.37,0.72
ISIC_0016035.jpg,0.15,1.2,0.05,0.78
ISIC_0013084.jpg,0.08,1.75,0.15,0.74
ISIC_0015412.jpg,0.12,1.21,0.29,0.71
ISIC_0013433.jpg,0.08,1.62,0.14,0.64
ISIC_0014862.jpg,0.34,69.53,0.24,0.78
ISIC_0012880.jpg,0.16,7.07,0.08,0.62
ISIC_0000511.jpg,0.38,6.02,0.17,0.75
ISIC_0016022.jpg,0.22,9.4,0.15,0.63
ISIC_0012683.jpg,0.18,1.45,0.23,0.74
ISIC_0011323.jpg,0.27,3.88,0.23,0.83
ISIC_0013369.jpg,0.23,4.91,0.11,0.66
ISIC_0000449.jpg,0.24,2.28,0.28,0.67
ISIC_0015156.jpg,0.45,98.89,0.19,0.76
ISIC_0014529.jpg,0.14,1.58,0.17,0.64
ISIC_0016037.jpg,0.11,1.26,0.07,0.72
ISIC_0015978.jpg,0.11,1.18,0.09,0.64
ISIC_0013738.jpg,0.21,9.74,0.17,0.64
ISIC_0000298.jpg,0.18,7.38,0.17,0.64
ISIC_0013487.jpg,0.27,3.68,0.23,0.77
ISIC_0012659.jpg,0.13,1.55,0.13,0.72
ISIC_0014311.jpg,0.22,1.89,0.16,0.64
ISIC_0009934.jpg,0.22,1.37,0.22,0.77
ISIC_0014506.jpg,0.06,1.2,0.09,0.66
ISIC_0000439.jpg,0.19,1.21,0.29,0.61
ISIC_0000339.jpg,0.08,1.15,0.19,0.65
ISIC_0014624.jpg,0.35,2.02,0.22,0.72
ISIC_0015140.jpg,0.13,35.17,0.18,0.78
ISIC_0001131.jpg,0.4,1.73,0.38,0.69
ISIC_0014792.jpg,0.13,11.94,0.18,0.63
ISIC_0014518.jpg,0.09,1.22,0.18,0.7
ISIC_0015947.jpg,0.12,1.23,0.14,0.66
ISIC_0001181.jpg,0.39,8.28,0.08,0.63
ISIC_0015607.jpg,0.34,1.74,0.2,0.64
ISIC_0010228.jpg,0.25,1.23,0.26,0.88
ISIC_0001148.jpg,0.28,3.43,0.2,0.58
ISIC_0012823.jpg,0.16,1.66,0.26,0.67
ISIC_0002438.jpg,0.25,6.03,0.16,0.64
ISIC_0014860.jpg,0.24,1.51,0.29,0.62
ISIC_0013490.jpg,0.14,1.93,0.13,0.69
ISIC_0013585.jpg,0.37,2.6,0.09,0.68
ISIC_0013617.jpg,0.21,1.32,0.15,0.68
ISIC_0010562.jpg,0.08,1.15,0.21,0.64
ISIC_0013187.jpg,0.15,1.85,0.1,0.71
ISIC_0015057.jpg,0.11,1.19,0.27,0.65
ISIC_0013721.jpg,0.08,1.21,0.09,0.66
ISIC_0011341.jpg,0.22,3.13,0.35,0.67
ISIC_0013203.jpg,0.1,1.17,0.1,0.66
ISIC_0000009.jpg,0.19,2.46,0.2,0.7
ISIC_0014133.jpg,0.14,1.73,0.15,0.68
ISIC_0000204.jpg,0.16,1.22,0.38,0.69
ISIC_0010212.jpg,0.25,3.86,0.2,0.72
ISIC_0013910.jpg,0.26,1.58,0.18,0.71
ISIC_0000436.jpg,0.06,1.17,0.21,0.71
ISIC_0013227.jpg,0.21,1.73,0.08,0.64
ISIC_0000265.jpg,0.33,1.35,0.2,0.64
ISIC_0013970.jpg,0.15,1.66,0.22,0.7
ISIC_0010585.jpg,0.23,3.03,0.28,0.59
ISIC_0000113.jpg,0.09,1.15,0.15,0.67
ISIC_0015973.jpg,0.09,1.17,0.15,0.71
ISIC_0010344.jpg,0.25,3.49,0.17,0.7
ISIC_0010038.jpg,0.23,1.21,0.21,0.75
ISIC_0014808.jpg,0.18,1.83,0.31,0.65
ISIC_0013958.jpg,0.44,1.58,0.21,0.66
ISIC_0013197.jpg,0.22,1.67,0.16,0.71
ISIC_0014249.jpg,0.41,2.64,0.17,0.71
ISIC_0000357.jpg,0.17,1.28,0.36,0.61
ISIC_0000212.jpg,0.11,1.18,0.38,0.78
ISIC_0000380.jpg,0.18,1.49,0.3,0.7
ISIC_0013070.jpg,0.34,4.29,0.15,0.65
ISIC_0014291.jpg,0.11,1.25,0.15,0.65
ISIC_0011112.jpg,0.16,1.21,0.34,0.77
ISIC_0011361.jpg,0.22,1.31,0.3,0.9
ISIC_0012228.jpg,0.11,1.22,0.11,0.66
ISIC_0015995.jpg,0.14,1.36,0.19,0.64
ISIC_0011366.jpg,0.16,1.19,0.2,0.66
ISIC_0011402.jpg,0.39,1.33,0.26,0.64
ISIC_0010239.jpg,0.22,1.17,0.23,0.7
ISIC_0000044.jpg,0.11,2.14,0.29,0.68
ISIC_0013837.jpg,0.15,1.55,0.26,0.67
ISIC_0012303.jpg,0.07,1.57,0.18,0.7
ISIC_0013946.jpg,0.31,1.39,0.08,0.65
ISIC_0012897.jpg,0.2,1.77,0.14,0.66
ISIC_0014157.jpg,0.44,2.37,0.08,0.66
ISIC_0007760.jpg,0.05,1.14,0.12,0.6
ISIC_0012969.jpg,0.12,1.25,0.18,0.69
ISIC_0000253.jpg,0.22,2.45,0.2,0.68
ISIC_0014728.jpg,0.08,16.37,0.22,0.67
ISIC_0014507.jpg,0.28,1.94,0.13,0.71
ISIC_0014619.jpg,0.11,1.18,0.11,0.68
ISIC_0014735.jpg,0.15,1.67,0.29,0.76
ISIC_0016013.jpg,0.05,1.19,0.15,0.67
ISIC_0012879.jpg,0.15,1.76,0.25,0.71
ISIC_0000315.jpg,0.16,1.24,0.25,0.64
ISIC_0011327.jpg,0.09,1.5,0.29,0.73
ISIC_0014386.jpg,0.13,1.19,0.13,0.69
ISIC_0014845.jpg,0.1,1.69,0.34,0.68
ISIC_0014657.jpg,0.16,1.7,0.25,0.69
ISIC_0001105.jpg,0.11,1.2,0.21,0.65
ISIC_0012250.jpg,0.08,1.6,0.09,0.67
ISIC_0015981.jpg,0.16,4.14,0.15,0.68
